id|gfNarrower|gfBroader|gfBroaderLabel
q461wrxpnf54r937|https://id.kb.se/term/saogf/Bibliotekskataloger|https://id.kb.se/term/saogf/Kataloger|Kataloger
tb4zlp954rmsk74|https://id.kb.se/term/saogf/Diskografier|https://id.kb.se/term/saogf/Kataloger|Kataloger
cvnh0tpp48jv8tj|https://id.kb.se/term/saogf/Utst%C3%A4llningskataloger|https://id.kb.se/term/saogf/Kataloger|Kataloger
wd611dj704fbqfv|https://id.kb.se/term/saogf/Handskriftskataloger|https://id.kb.se/term/saogf/Kataloger|Kataloger
cwpzf0cp2btvph5|https://id.kb.se/term/saogf/Historiska%20skildringar|https://id.kb.se/term/saogf/Sk%C3%B6nlitteratur|Skönlitteratur
cwpzf0cp2btvph5|https://id.kb.se/term/saogf/Romaner|https://id.kb.se/term/saogf/Sk%C3%B6nlitteratur|Skönlitteratur
cwpzf0cp2btvph5|https://id.kb.se/term/saogf/Biografiska%20skildringar|https://id.kb.se/term/saogf/Sk%C3%B6nlitteratur|Skönlitteratur
cwpzf0cp2btvph5|https://id.kb.se/term/saogf/Dokument%C3%A4ra%20skildringar|https://id.kb.se/term/saogf/Sk%C3%B6nlitteratur|Skönlitteratur
ft2sxd4kc2f1gmmm|https://id.kb.se/term/saogf/Samlingsverk|https://id.kb.se/term/saogf/Sk%C3%B6nlitteratur|Skönlitteratur
ft2sxd4kc2f1gmmm|https://id.kb.se/term/saogf/Ess%C3%A4er|https://id.kb.se/term/saogf/Sk%C3%B6nlitteratur|Skönlitteratur
cwdx8cr59zzscjxp|https://id.kb.se/term/saogf/Romaner|https://id.kb.se/term/saogf/Sk%C3%B6nlitteratur|Skönlitteratur
cwdx8cr59zzscjxp|https://id.kb.se/term/saogf/Historiska%20skildringar|https://id.kb.se/term/saogf/Sk%C3%B6nlitteratur|Skönlitteratur
cwdx8cr59zzscjxp|https://id.kb.se/term/saogf/Dokument%C3%A4ra%20skildringar|https://id.kb.se/term/saogf/Sk%C3%B6nlitteratur|Skönlitteratur
2ldssgpd0150nfh|https://id.kb.se/term/saogf/Samlingsverk|https://id.kb.se/term/saogf/Sk%C3%B6nlitteratur|Skönlitteratur
zg86bpl90n6kws3|https://id.kb.se/term/saogf/Dramatik|https://id.kb.se/term/saogf/Sk%C3%B6nlitteratur|Skönlitteratur
zjzn0prrwj5n8m74|https://id.kb.se/term/saogf/Sj%C3%A4lvbiografiska%20skildringar|https://id.kb.se/term/saogf/Sk%C3%B6nlitteratur|Skönlitteratur
8q7cr6ck60rqwh4x|https://id.kb.se/term/saogf/Sj%C3%A4lvbiografier|https://id.kb.se/term/saogf/Biografier|Biografier
dzgv2p54bnr06lv1|https://id.kb.se/term/saogf/Sj%C3%A4lvbiografier|https://id.kb.se/term/saogf/Biografier|Biografier
zdbxkjpbwk8j5wsr|https://id.kb.se/term/saogf/Sj%C3%A4lvbiografier|https://id.kb.se/term/saogf/Biografier|Biografier
t589fxhzrznv1jmc|https://id.kb.se/term/saogf/Sj%C3%A4lvbiografier|https://id.kb.se/term/saogf/Biografier|Biografier
2ldd589d455skzt|https://id.kb.se/term/saogf/Sj%C3%A4lvbiografier|https://id.kb.se/term/saogf/Biografier|Biografier
crnw2qmr92jl0vt3|https://id.kb.se/term/saogf/Sj%C3%A4lvbiografier|https://id.kb.se/term/saogf/Biografier|Biografier
s8vgbhrnqrm020h6|https://id.kb.se/term/saogf/Sj%C3%A4lvbiografier|https://id.kb.se/term/saogf/Biografier|Biografier
s4fqxlcxqrdbhk0c|https://id.kb.se/term/saogf/Sj%C3%A4lvbiografier|https://id.kb.se/term/saogf/Biografier|Biografier
vd6k8fb62mv9gzz|https://id.kb.se/term/saogf/Biobibliografier|https://id.kb.se/term/saogf/Biografier|Biografier
xhn380crvpjxp5hk|https://id.kb.se/term/saogf/Sj%C3%A4lvbiografier|https://id.kb.se/term/saogf/Biografier|Biografier
g0s53xss5rpbkvf|https://id.kb.se/term/saogf/Biobibliografier|https://id.kb.se/term/saogf/Biografier|Biografier
blj0hplz8h27rd4l|https://id.kb.se/term/saogf/Sj%C3%A4lvbiografier|https://id.kb.se/term/saogf/Biografier|Biografier
l6wzmrtrjkc58d7p|https://id.kb.se/term/saogf/Sj%C3%A4lvbiografier|https://id.kb.se/term/saogf/Biografier|Biografier
1md1gqpczk1k2fsm|https://id.kb.se/term/saogf/Sj%C3%A4lvbiografier|https://id.kb.se/term/saogf/Biografier|Biografier
0lc0tbzfx2k9dl3k|https://id.kb.se/term/saogf/Sj%C3%A4lvbiografier|https://id.kb.se/term/saogf/Biografier|Biografier
czqc25539t0q45fl|https://id.kb.se/term/saogf/Sj%C3%A4lvbiografier|https://id.kb.se/term/saogf/Biografier|Biografier
f1w05v79c6r20lr3|https://id.kb.se/term/saogf/Sj%C3%A4lvbiografier|https://id.kb.se/term/saogf/Biografier|Biografier
3pgxf8kr1qk15cb6|https://id.kb.se/term/saogf/Sj%C3%A4lvbiografier|https://id.kb.se/term/saogf/Biografier|Biografier
8qcmqvzr63w13qk2|https://id.kb.se/term/saogf/Folkvisor|https://id.kb.se/term/saogf/Folkmusik|Folkmusik
bs8p3q5d8jv39zbs|https://id.kb.se/term/saogf/Fado|https://id.kb.se/term/saogf/Folkmusik|Folkmusik
2kzbw1l10b795525|https://id.kb.se/term/saogf/Folkvisor|https://id.kb.se/term/saogf/Folkmusik|Folkmusik
1hzds887z8hmll56|https://id.kb.se/term/saogf/Fado|https://id.kb.se/term/saogf/Folkmusik|Folkmusik
4hk94w9g2qh537r8|https://id.kb.se/term/saogf/Folkvisor|https://id.kb.se/term/saogf/Folkmusik|Folkmusik
0gxd8s84x66pf2d9|https://id.kb.se/term/saogf/Fado|https://id.kb.se/term/saogf/Folkmusik|Folkmusik
bs8qm6tz8w0lwzht|https://id.kb.se/term/saogf/Fado|https://id.kb.se/term/saogf/Folkmusik|Folkmusik
9r7pp2cl7rk5grfx|https://id.kb.se/term/saogf/Fado|https://id.kb.se/term/saogf/Folkmusik|Folkmusik
3gjcb4xh13qf8djc|https://id.kb.se/term/saogf/Folkvisor|https://id.kb.se/term/saogf/Folkmusik|Folkmusik
1kcdb92c2v8040t|https://id.kb.se/term/saogf/Folkvisor|https://id.kb.se/term/saogf/Folkmusik|Folkmusik
0jbk2xcxxwdhh4lh|https://id.kb.se/term/saogf/Folkvisor|https://id.kb.se/term/saogf/Folkmusik|Folkmusik
7qj4b7nk4blhsvw|https://id.kb.se/term/saogf/Folkvisor|https://id.kb.se/term/saogf/Folkmusik|Folkmusik
7qnmssl05gf9wmmd|https://id.kb.se/term/saogf/Romsk%20musik|https://id.kb.se/term/saogf/Folkmusik|Folkmusik
v7941rmns3lhfz3s|https://id.kb.se/term/saogf/Folkvisor|https://id.kb.se/term/saogf/Folkmusik|Folkmusik
bl29kr288rm7vl18|https://id.kb.se/term/saogf/Folkvisor|https://id.kb.se/term/saogf/Folkmusik|Folkmusik
3ld050bf09vhrgl|https://id.kb.se/term/saogf/Folkvisor|https://id.kb.se/term/saogf/Folkmusik|Folkmusik
k15zb25bh8jrv06n|https://id.kb.se/term/saogf/Folkvisor|https://id.kb.se/term/saogf/Folkmusik|Folkmusik
z7pwjmjkwckh7cq7|https://id.kb.se/term/saogf/Folkvisor|https://id.kb.se/term/saogf/Folkmusik|Folkmusik
4mf161cg39jtn93|https://id.kb.se/term/saogf/Folkvisor|https://id.kb.se/term/saogf/Folkmusik|Folkmusik
l4xzswnx4j0kdp6|https://id.kb.se/term/saogf/Swing%20%26%20sweet|https://id.kb.se/term/saogf/Jazz|Jazz
6ph5p1tj2qdkbl8|https://id.kb.se/term/saogf/Storbandsjazz|https://id.kb.se/term/saogf/Jazz|Jazz
v7xvdfz9sqg01rsh|https://id.kb.se/term/saogf/Bebop|https://id.kb.se/term/saogf/Jazz|Jazz
8rk7pvml50b8l6p|https://id.kb.se/term/saogf/Storbandsjazz|https://id.kb.se/term/saogf/Jazz|Jazz
3l7527jc1n112r74|https://id.kb.se/term/saogf/Fusion%20%28musik%29|https://id.kb.se/term/saogf/Jazz|Jazz
tdj1wf4gr3q7x6jj|https://id.kb.se/term/saogf/Bebop|https://id.kb.se/term/saogf/Jazz|Jazz
vc5362z61nvrpth|https://id.kb.se/term/saogf/Cool%20jazz|https://id.kb.se/term/saogf/Jazz|Jazz
vc5362z61nvrpth|https://id.kb.se/term/saogf/Storbandsjazz|https://id.kb.se/term/saogf/Jazz|Jazz
8rk7977l45jvghj|https://id.kb.se/term/saogf/Cool%20jazz|https://id.kb.se/term/saogf/Jazz|Jazz
drs915f6btkzpf7d|https://id.kb.se/term/saogf/Brev|https://id.kb.se/term/saogf/Korrespondens|Korrespondens
3h8qmftm182gs05w|https://id.kb.se/term/saogf/Brev|https://id.kb.se/term/saogf/Korrespondens|Korrespondens
zbbfq6vpwgm4cbgm|https://id.kb.se/term/saogf/Brev|https://id.kb.se/term/saogf/Korrespondens|Korrespondens
n114d8x3l2f24d7v|https://id.kb.se/term/saogf/Brev|https://id.kb.se/term/saogf/Korrespondens|Korrespondens
q3368qdqnqqmkv48|https://id.kb.se/term/saogf/Brev|https://id.kb.se/term/saogf/Korrespondens|Korrespondens
5hvt01st3qjglbjr|https://id.kb.se/term/saogf/Brev|https://id.kb.se/term/saogf/Korrespondens|Korrespondens
gttx8brqd7623nrl|https://id.kb.se/term/saogf/Brev|https://id.kb.se/term/saogf/Korrespondens|Korrespondens
7ldr139z5vkdrsvc|https://id.kb.se/term/saogf/Brev|https://id.kb.se/term/saogf/Korrespondens|Korrespondens
tb4xdwx50b556fz|https://id.kb.se/term/saogf/Brev|https://id.kb.se/term/saogf/Korrespondens|Korrespondens
cwpxh6hp2c1vc9p|https://id.kb.se/term/saogf/Brev|https://id.kb.se/term/saogf/Korrespondens|Korrespondens
n605f1v05flpqmn|https://id.kb.se/term/saogf/Brev|https://id.kb.se/term/saogf/Korrespondens|Korrespondens
zb3p80tlwn0bq2qh|https://id.kb.se/term/saogf/Brev|https://id.kb.se/term/saogf/Korrespondens|Korrespondens
fzr217wr0qn3fdb|https://id.kb.se/term/saogf/Brev|https://id.kb.se/term/saogf/Korrespondens|Korrespondens
7nxddjlj5srgd3fb|https://id.kb.se/term/saogf/Tango|https://id.kb.se/term/saogf/Latin%20music|Latin music
3mfqvjcf3s7c9cc|https://id.kb.se/term/saogf/Bossa%20nova|https://id.kb.se/term/saogf/Latin%20music|Latin music
3mfqvjcf3s7c9cc|https://id.kb.se/term/saogf/Samba|https://id.kb.se/term/saogf/Latin%20music|Latin music
tb447nv54g8ntm9|https://id.kb.se/term/saogf/Bokrecensioner|https://id.kb.se/term/saogf/Recensioner|Recensioner
sb4drgv41j9lh7s|https://id.kb.se/term/saogf/Andliga%20s%C3%A5nger%20och%20visor|https://id.kb.se/term/saogf/Religi%C3%B6s%20musik|Religiös musik
gxq53h53dzr9pqbb|https://id.kb.se/term/saogf/Gospel|https://id.kb.se/term/saogf/Religi%C3%B6s%20musik|Religiös musik
k1m3nfxwhmg0wx72|https://id.kb.se/term/saogf/Judisk%20religi%C3%B6s%20musik|https://id.kb.se/term/saogf/Religi%C3%B6s%20musik|Religiös musik
3hm5wxkd171qxsss|https://id.kb.se/term/gmgpc/swe/Kromolitografier|https://id.kb.se/term/gmgpc/swe/Litografier|Litografier
tcx1ps93rg134rnn|https://id.kb.se/term/saogf/Gregoriansk%20s%C3%A5ng|https://id.kb.se/term/saogf/Romersk-katolsk%20kyrkomusik|Romersk-katolsk kyrkomusik
l3wv4pzx04m5f94|https://id.kb.se/term/saogf/Gregoriansk%20s%C3%A5ng|https://id.kb.se/term/saogf/Romersk-katolsk%20kyrkomusik|Romersk-katolsk kyrkomusik
3mfnshqf1mrn201|https://id.kb.se/term/saogf/Bluesrock|https://id.kb.se/term/saogf/Rock|Rock
p600h9514sh7btn|https://id.kb.se/term/saogf/Heavy%20metal|https://id.kb.se/term/saogf/Rock|Rock
n607j2004pmg2hz|https://id.kb.se/term/saogf/Progressiv%20rock|https://id.kb.se/term/saogf/Rock|Rock
w99ntl42tp888fl1|https://id.kb.se/term/saogf/H%C3%A5rdrock|https://id.kb.se/term/saogf/Rock|Rock
h0shvx0t5qwjxrh|https://id.kb.se/term/gmgpc/swe/Karikatyrer|https://id.kb.se/term/gmgpc/swe/Bilder|Bilder
h0shvx0t5qwjxrh|https://id.kb.se/term/gmgpc/swe/Portr%C3%A4tt|https://id.kb.se/term/gmgpc/swe/Bilder|Bilder
3hm5wxkd171qxsss|https://id.kb.se/term/gmgpc/swe/Kromolitografier|https://id.kb.se/term/gmgpc/swe/Bilder|Bilder
3hm5wxkd171qxsss|https://id.kb.se/term/gmgpc/swe/Litografier|https://id.kb.se/term/gmgpc/swe/Bilder|Bilder
3ld26kjf40tbxzl|https://id.kb.se/term/gmgpc/swe/Gravyrer|https://id.kb.se/term/gmgpc/swe/Bilder|Bilder
kz6x2jkxhjdpp4s8|https://id.kb.se/term/saogf/Nyckelromaner|https://id.kb.se/term/saogf/Romaner|Romaner
j1tqmnkv4bjzzqq|https://id.kb.se/term/saogf/Nyckelromaner|https://id.kb.se/term/saogf/Romaner|Romaner
hvln53xbf2kkff48|https://id.kb.se/term/saogf/Autografer|https://id.kb.se/term/saogf/Handskrifter|Handskrifter
r9621w9npjpgb9dc|https://id.kb.se/term/saogf/Anekdoter|https://id.kb.se/term/saogf/Humor|Humor
2ldfcnvd21d4m85|https://id.kb.se/term/saogf/Karikatyrer%20och%20sk%C3%A4mtteckningar|https://id.kb.se/term/saogf/Humor|Humor
gqn30wdzd5wv6h22|https://id.kb.se/term/saogf/Studiehandledningar|https://id.kb.se/term/saogf/Handb%C3%B6cker%2C%20manualer%20etc.|Handböcker, manualer etc.
jvspl0pkg4n0br9d|https://id.kb.se/term/saogf/M%C3%B6nster|https://id.kb.se/term/saogf/Handb%C3%B6cker%2C%20manualer%20etc.|Handböcker, manualer etc.
8slt919l41vx8x0|https://id.kb.se/term/saogf/Historiska%20k%C3%A4llor|https://id.kb.se/term/saogf/K%C3%A4llmaterial|Källmaterial
9slbcsfm1xzp3d3|https://id.kb.se/term/saogf/Fanziner|https://id.kb.se/term/saogf/Periodika|Periodika
3ld45n5f3m1mrz4|https://id.kb.se/term/saogf/Fanziner|https://id.kb.se/term/saogf/Periodika|Periodika
dwpprlbq4xn2t5x|https://id.kb.se/term/saogf/Fanziner|https://id.kb.se/term/saogf/Periodika|Periodika
fxqgvn2r584knqn|https://id.kb.se/term/saogf/Fanziner|https://id.kb.se/term/saogf/Periodika|Periodika
n5zvv2w00twsp34|https://id.kb.se/term/saogf/Fanziner|https://id.kb.se/term/saogf/Periodika|Periodika
k2vh5hfw2fp0b0p|https://id.kb.se/term/saogf/Fanziner|https://id.kb.se/term/saogf/Periodika|Periodika
btm7s7sn30bb0bn|https://id.kb.se/term/saogf/Fanziner|https://id.kb.se/term/saogf/Periodika|Periodika
xf7z0gl80bqfsbz|https://id.kb.se/term/saogf/Fanziner|https://id.kb.se/term/saogf/Periodika|Periodika
fxqhrk6r5dh231z|https://id.kb.se/term/saogf/Fanziner|https://id.kb.se/term/saogf/Periodika|Periodika
tb4v84k50q5gw1d|https://id.kb.se/term/saogf/Fanziner|https://id.kb.se/term/saogf/Periodika|Periodika
fxqmmxjr3vt0s9d|https://id.kb.se/term/saogf/Fanziner|https://id.kb.se/term/saogf/Periodika|Periodika
0h912k2b03fb004|https://id.kb.se/term/saogf/Fanziner|https://id.kb.se/term/saogf/Periodika|Periodika
r82zz5134fw6fnk|https://id.kb.se/term/saogf/Fanziner|https://id.kb.se/term/saogf/Periodika|Periodika
m5z5d74z1bdz900|https://id.kb.se/term/saogf/Singer%2Fsongwriters|https://id.kb.se/term/saogf/Pop|Pop
4gtk84l22cm30fhw|https://id.kb.se/term/saogf/Singer%2Fsongwriters|https://id.kb.se/term/saogf/Pop|Pop
h1t56vmt0flq44v|https://id.kb.se/term/saogf/Singer%2Fsongwriters|https://id.kb.se/term/saogf/Pop|Pop
jvx2tpqjgj2t11xb|https://id.kb.se/term/saogf/Vispop|https://id.kb.se/term/saogf/Pop|Pop
jvx2tpqjgj2t11xb|https://id.kb.se/term/saogf/Singer%2Fsongwriters|https://id.kb.se/term/saogf/Pop|Pop
d048qt8bbdsvp1bf|https://id.kb.se/term/saogf/Singer%2Fsongwriters|https://id.kb.se/term/saogf/Pop|Pop
wd66h6z75pcxcbc|https://id.kb.se/term/saogf/Schlager|https://id.kb.se/term/saogf/Popul%C3%A4rmusik|Populärmusik
9sl8btnm2pck37x|https://id.kb.se/term/saogf/Schlager|https://id.kb.se/term/saogf/Popul%C3%A4rmusik|Populärmusik
q82cpln21z8vpxc|https://id.kb.se/term/saogf/Storbandsjazz|https://id.kb.se/term/saogf/Popul%C3%A4rmusik|Populärmusik
3lddmmkf4dfb2xf|https://id.kb.se/term/saogf/Schlager|https://id.kb.se/term/saogf/Popul%C3%A4rmusik|Populärmusik
2ldrt2qd0r6s1g6|https://id.kb.se/term/saogf/Schlager|https://id.kb.se/term/saogf/Popul%C3%A4rmusik|Populärmusik
5ngg1s5h0ts33sb|https://id.kb.se/term/saogf/Schlager|https://id.kb.se/term/saogf/Popul%C3%A4rmusik|Populärmusik
9tmwkvmm3kh8pv3|https://id.kb.se/term/saogf/Jazz|https://id.kb.se/term/saogf/Popul%C3%A4rmusik|Populärmusik
l3wstdzx1d2sn4w|https://id.kb.se/term/saogf/Pop|https://id.kb.se/term/saogf/Popul%C3%A4rmusik|Populärmusik
zh9nrtb912qpp6p|https://id.kb.se/term/saogf/Schlager|https://id.kb.se/term/saogf/Popul%C3%A4rmusik|Populärmusik
l3wstdzx1d2sn4w|https://id.kb.se/term/saogf/Rock|https://id.kb.se/term/saogf/Popul%C3%A4rmusik|Populärmusik
r822d4p35cp44lk|https://id.kb.se/term/saogf/Schlager|https://id.kb.se/term/saogf/Popul%C3%A4rmusik|Populärmusik
6qjwz1lj32sxkbg|https://id.kb.se/term/saogf/Schlager|https://id.kb.se/term/saogf/Popul%C3%A4rmusik|Populärmusik
dwpp0ppq03k5fxp|https://id.kb.se/term/saogf/Schlager|https://id.kb.se/term/saogf/Popul%C3%A4rmusik|Populärmusik
h1ttk0kt2v604m8|https://id.kb.se/term/saogf/Schlager|https://id.kb.se/term/saogf/Popul%C3%A4rmusik|Populärmusik
p60nq6f11w1k3rl|https://id.kb.se/term/saogf/Schlager|https://id.kb.se/term/saogf/Popul%C3%A4rmusik|Populärmusik
bvnp9ttn29ws29z|https://id.kb.se/term/saogf/Schlager|https://id.kb.se/term/saogf/Popul%C3%A4rmusik|Populärmusik
xf7412c81nt951b|https://id.kb.se/term/saogf/Vispop|https://id.kb.se/term/saogf/Popul%C3%A4rmusik|Populärmusik
l4x2m60x4f2kphj|https://id.kb.se/term/saogf/Schlager|https://id.kb.se/term/saogf/Popul%C3%A4rmusik|Populärmusik
4ngqf63g1nr0wf1|https://id.kb.se/term/saogf/Rhythm%20%26%20blues|https://id.kb.se/term/saogf/Popul%C3%A4rmusik|Populärmusik
q82chmg22gw08s6|https://id.kb.se/term/saogf/Pop|https://id.kb.se/term/saogf/Popul%C3%A4rmusik|Populärmusik
8slvq8ll5qg2s7l|https://id.kb.se/term/saogf/Schlager|https://id.kb.se/term/saogf/Popul%C3%A4rmusik|Populärmusik
q82chmg22gw08s6|https://id.kb.se/term/saogf/Rock|https://id.kb.se/term/saogf/Popul%C3%A4rmusik|Populärmusik
n60b9qg02cnglbm|https://id.kb.se/term/saogf/Jazz|https://id.kb.se/term/saogf/Popul%C3%A4rmusik|Populärmusik
j2v5k90v47qz1pf|https://id.kb.se/term/saogf/Storbandsjazz|https://id.kb.se/term/saogf/Popul%C3%A4rmusik|Populärmusik
n609rbf00f3d7m6|https://id.kb.se/term/saogf/Storbandsjazz|https://id.kb.se/term/saogf/Popul%C3%A4rmusik|Populärmusik
7rkk9qbk20xs6jr|https://id.kb.se/term/saogf/Schlager|https://id.kb.se/term/saogf/Popul%C3%A4rmusik|Populärmusik
bvnzdmwn41934d6|https://id.kb.se/term/saogf/Storbandsjazz|https://id.kb.se/term/saogf/Popul%C3%A4rmusik|Populärmusik
r82qr0l35fcdg7g|https://id.kb.se/term/saogf/Schlager|https://id.kb.se/term/saogf/Popul%C3%A4rmusik|Populärmusik
wf7ln7d74qvfcgd|https://id.kb.se/term/saogf/Schlager|https://id.kb.se/term/saogf/Popul%C3%A4rmusik|Populärmusik
6qjvz9vj3s44g44|https://id.kb.se/term/saogf/Jazz|https://id.kb.se/term/saogf/Popul%C3%A4rmusik|Populärmusik
n600q5p05h5ssz0|https://id.kb.se/term/saogf/Schlager|https://id.kb.se/term/saogf/Popul%C3%A4rmusik|Populärmusik
q82fjkg253kx97d|https://id.kb.se/term/saogf/Schlager|https://id.kb.se/term/saogf/Popul%C3%A4rmusik|Populärmusik
r822g8s34p3pkt2|https://id.kb.se/term/saogf/Schlager|https://id.kb.se/term/saogf/Popul%C3%A4rmusik|Populärmusik
vc55nb462zp0d9f|https://id.kb.se/term/saogf/Schlager|https://id.kb.se/term/saogf/Popul%C3%A4rmusik|Populärmusik
fzr46z6r1g4rj63|https://id.kb.se/term/saogf/Schlager|https://id.kb.se/term/saogf/Popul%C3%A4rmusik|Populärmusik
xg8hr7582l3b5kq|https://id.kb.se/term/saogf/Schlager|https://id.kb.se/term/saogf/Popul%C3%A4rmusik|Populärmusik
dwpnlr2q4gd6j9z|https://id.kb.se/term/saogf/Rock|https://id.kb.se/term/saogf/Popul%C3%A4rmusik|Populärmusik
2ldd4kvd46xz59f|https://id.kb.se/term/saogf/Pop|https://id.kb.se/term/saogf/Popul%C3%A4rmusik|Populärmusik
2ldd4kvd46xz59f|https://id.kb.se/term/saogf/Rock|https://id.kb.se/term/saogf/Popul%C3%A4rmusik|Populärmusik
xg880dv80hfm2bv|https://id.kb.se/term/saogf/Schlager|https://id.kb.se/term/saogf/Popul%C3%A4rmusik|Populärmusik
2ldd4kvd46xz59f|https://id.kb.se/term/saogf/Jazz|https://id.kb.se/term/saogf/Popul%C3%A4rmusik|Populärmusik
dvk5fngwb1pc08m9|https://id.kb.se/term/saogf/Pop|https://id.kb.se/term/saogf/Popul%C3%A4rmusik|Populärmusik
wbbl5t14t7p86rvm|https://id.kb.se/term/saogf/Storbandsjazz|https://id.kb.se/term/saogf/Popul%C3%A4rmusik|Populärmusik
wbbl5t14t7p86rvm|https://id.kb.se/term/saogf/Schlager|https://id.kb.se/term/saogf/Popul%C3%A4rmusik|Populärmusik
6mf3fd4g4mz4szz4|https://id.kb.se/term/saogf/Storbandsjazz|https://id.kb.se/term/saogf/Popul%C3%A4rmusik|Populärmusik
6mf3fd4g4mz4szz4|https://id.kb.se/term/saogf/Bossa%20nova|https://id.kb.se/term/saogf/Popul%C3%A4rmusik|Populärmusik
v927twj8svbxmk5w|https://id.kb.se/term/saogf/Storbandsjazz|https://id.kb.se/term/saogf/Popul%C3%A4rmusik|Populärmusik
w9dh34zhtlqnfnft|https://id.kb.se/term/saogf/Schlager|https://id.kb.se/term/saogf/Popul%C3%A4rmusik|Populärmusik
m2vs5fgsk1x015sq|https://id.kb.se/term/saogf/Storbandsjazz|https://id.kb.se/term/saogf/Popul%C3%A4rmusik|Populärmusik
m2vs5fgsk1x015sq|https://id.kb.se/term/saogf/Rock|https://id.kb.se/term/saogf/Popul%C3%A4rmusik|Populärmusik
w9dh34zhtlqnfnft|https://id.kb.se/term/saogf/Storbandsjazz|https://id.kb.se/term/saogf/Popul%C3%A4rmusik|Populärmusik
m2vs5fgsk1x015sq|https://id.kb.se/term/saogf/Pop|https://id.kb.se/term/saogf/Popul%C3%A4rmusik|Populärmusik
6k6s5l314cw3fzss|https://id.kb.se/term/saogf/Nu%20jazz|https://id.kb.se/term/saogf/Popul%C3%A4rmusik|Populärmusik
brc286l98mg83cvt|https://id.kb.se/term/saogf/Countryrock|https://id.kb.se/term/saogf/Popul%C3%A4rmusik|Populärmusik
6k6s5l314cw3fzss|https://id.kb.se/term/saogf/Schlager|https://id.kb.se/term/saogf/Popul%C3%A4rmusik|Populärmusik
brc286l98mg83cvt|https://id.kb.se/term/saogf/Storbandsjazz|https://id.kb.se/term/saogf/Popul%C3%A4rmusik|Populärmusik
9ncn7kfm7v4kkjps|https://id.kb.se/term/saogf/Schlager|https://id.kb.se/term/saogf/Popul%C3%A4rmusik|Populärmusik
7npm511z53b1nqf8|https://id.kb.se/term/saogf/Storbandsjazz|https://id.kb.se/term/saogf/Popul%C3%A4rmusik|Populärmusik
bqvd5nr38jnvdnr5|https://id.kb.se/term/saogf/Schlager|https://id.kb.se/term/saogf/Popul%C3%A4rmusik|Populärmusik
5ln933933zq4msqn|https://id.kb.se/term/saogf/Storbandsjazz|https://id.kb.se/term/saogf/Popul%C3%A4rmusik|Populärmusik
crtr69q29hwl7mtm|https://id.kb.se/term/saogf/Swing%20%26%20sweet|https://id.kb.se/term/saogf/Popul%C3%A4rmusik|Populärmusik
bqvd5nr38jnvdnr5|https://id.kb.se/term/saogf/Storbandsjazz|https://id.kb.se/term/saogf/Popul%C3%A4rmusik|Populärmusik
s79w4p07qj2jvf1x|https://id.kb.se/term/saogf/Storbandsjazz|https://id.kb.se/term/saogf/Popul%C3%A4rmusik|Populärmusik
m15p1jmpkmcwxq52|https://id.kb.se/term/saogf/Schlager|https://id.kb.se/term/saogf/Popul%C3%A4rmusik|Populärmusik
crtr69q29hwl7mtm|https://id.kb.se/term/saogf/Storbandsjazz|https://id.kb.se/term/saogf/Popul%C3%A4rmusik|Populärmusik
m15p1jmpkmcwxq52|https://id.kb.se/term/saogf/Storbandsjazz|https://id.kb.se/term/saogf/Popul%C3%A4rmusik|Populärmusik
s79w4p07qj2jvf1x|https://id.kb.se/term/saogf/Pop|https://id.kb.se/term/saogf/Popul%C3%A4rmusik|Populärmusik
bqv9mw9v8tpz8qbq|https://id.kb.se/term/saogf/Storbandsjazz|https://id.kb.se/term/saogf/Popul%C3%A4rmusik|Populärmusik
9rb0d5p57ht5gm5n|https://id.kb.se/term/saogf/Countrymusik|https://id.kb.se/term/saogf/Popul%C3%A4rmusik|Populärmusik
wbcj98hrt2fs33nt|https://id.kb.se/term/saogf/Storbandsjazz|https://id.kb.se/term/saogf/Popul%C3%A4rmusik|Populärmusik
wbcj98hrt2fs33nt|https://id.kb.se/term/saogf/Pop|https://id.kb.se/term/saogf/Popul%C3%A4rmusik|Populärmusik
8nnfb1sg673mx64w|https://id.kb.se/term/saogf/Storbandsjazz|https://id.kb.se/term/saogf/Popul%C3%A4rmusik|Populärmusik
l1pm0835jgfjzzcq|https://id.kb.se/term/saogf/Schlager|https://id.kb.se/term/saogf/Popul%C3%A4rmusik|Populärmusik
bqqhlkmm863srb01|https://id.kb.se/term/saogf/Storbandsjazz|https://id.kb.se/term/saogf/Popul%C3%A4rmusik|Populärmusik
q50q8bxwnb4kxw7w|https://id.kb.se/term/saogf/Storbandsjazz|https://id.kb.se/term/saogf/Popul%C3%A4rmusik|Populärmusik
l1pm0835jgfjzzcq|https://id.kb.se/term/saogf/Storbandsjazz|https://id.kb.se/term/saogf/Popul%C3%A4rmusik|Populärmusik
wbhb7vdwt8fmb9s3|https://id.kb.se/term/saogf/Rock|https://id.kb.se/term/saogf/Popul%C3%A4rmusik|Populärmusik
9qt7s04t7bv3606w|https://id.kb.se/term/saogf/Storbandsjazz|https://id.kb.se/term/saogf/Popul%C3%A4rmusik|Populärmusik
lzxc0hspjth4mv4t|https://id.kb.se/term/saogf/Folkrock|https://id.kb.se/term/saogf/Popul%C3%A4rmusik|Populärmusik
9qpw257r7zzpwq6v|https://id.kb.se/term/saogf/Storbandsjazz|https://id.kb.se/term/saogf/Popul%C3%A4rmusik|Populärmusik
3jm5gc9l1t0w7h4b|https://id.kb.se/term/saogf/Swing%20%26%20sweet|https://id.kb.se/term/saogf/Popul%C3%A4rmusik|Populärmusik
lzxc0hspjth4mv4t|https://id.kb.se/term/saogf/Storbandsjazz|https://id.kb.se/term/saogf/Popul%C3%A4rmusik|Populärmusik
l0jsjjsmj2kmdgs6|https://id.kb.se/term/saogf/Rock|https://id.kb.se/term/saogf/Popul%C3%A4rmusik|Populärmusik
l0jsjjsmj2kmdgs6|https://id.kb.se/term/saogf/Storbandsjazz|https://id.kb.se/term/saogf/Popul%C3%A4rmusik|Populärmusik
9qt7s04t7bv3606w|https://id.kb.se/term/saogf/Ska|https://id.kb.se/term/saogf/Popul%C3%A4rmusik|Populärmusik
v9dxx1kss1x8jdsr|https://id.kb.se/term/saogf/Storbandsjazz|https://id.kb.se/term/saogf/Popul%C3%A4rmusik|Populärmusik
3jm5gc9l1t0w7h4b|https://id.kb.se/term/saogf/Storbandsjazz|https://id.kb.se/term/saogf/Popul%C3%A4rmusik|Populärmusik
gw0d82k3d6qpsw4z|https://id.kb.se/term/saogf/Storbandsjazz|https://id.kb.se/term/saogf/Popul%C3%A4rmusik|Populärmusik
9qpw257r7zzpwq6v|https://id.kb.se/term/saogf/Rock|https://id.kb.se/term/saogf/Popul%C3%A4rmusik|Populärmusik
brvmsxhm823790fn|https://id.kb.se/term/saogf/Blues|https://id.kb.se/term/saogf/Popul%C3%A4rmusik|Populärmusik
1gknpps9z3xtcncb|https://id.kb.se/term/saogf/Storbandsjazz|https://id.kb.se/term/saogf/Popul%C3%A4rmusik|Populärmusik
4jnb3r502cnc4x17|https://id.kb.se/term/saogf/R%26B%20%28musik%29|https://id.kb.se/term/saogf/Popul%C3%A4rmusik|Populärmusik
4jnb3r502cnc4x17|https://id.kb.se/term/saogf/Storbandsjazz|https://id.kb.se/term/saogf/Popul%C3%A4rmusik|Populärmusik
xb8b4lzgv7vsxjjd|https://id.kb.se/term/saogf/Schlager|https://id.kb.se/term/saogf/Popul%C3%A4rmusik|Populärmusik
4jnb3r502cnc4x17|https://id.kb.se/term/saogf/Soul%20%28musik%29|https://id.kb.se/term/saogf/Popul%C3%A4rmusik|Populärmusik
brvmsxhm823790fn|https://id.kb.se/term/saogf/Storbandsjazz|https://id.kb.se/term/saogf/Popul%C3%A4rmusik|Populärmusik
t78t0rw3rv0t7vfb|https://id.kb.se/term/saogf/Storbandsjazz|https://id.kb.se/term/saogf/Popul%C3%A4rmusik|Populärmusik
t78t0rw3rv0t7vfb|https://id.kb.se/term/saogf/Soul%20%28musik%29|https://id.kb.se/term/saogf/Popul%C3%A4rmusik|Populärmusik
xb8b4lzgv7vsxjjd|https://id.kb.se/term/saogf/Storbandsjazz|https://id.kb.se/term/saogf/Popul%C3%A4rmusik|Populärmusik
3k5hqvnh10jncrlg|https://id.kb.se/term/saogf/Rock|https://id.kb.se/term/saogf/Popul%C3%A4rmusik|Populärmusik
3k5hqvnh10jncrlg|https://id.kb.se/term/saogf/Blues|https://id.kb.se/term/saogf/Popul%C3%A4rmusik|Populärmusik
9rdsbkfh799mlgq8|https://id.kb.se/term/saogf/Pop|https://id.kb.se/term/saogf/Popul%C3%A4rmusik|Populärmusik
4kj8w2tm2m4kwh9w|https://id.kb.se/term/saogf/Storbandsjazz|https://id.kb.se/term/saogf/Popul%C3%A4rmusik|Populärmusik
t78t0rw3rv0t7vfb|https://id.kb.se/term/saogf/Rhythm%20%26%20blues|https://id.kb.se/term/saogf/Popul%C3%A4rmusik|Populärmusik
jxj64gmbgg8vglpd|https://id.kb.se/term/saogf/Rock|https://id.kb.se/term/saogf/Popul%C3%A4rmusik|Populärmusik
hwvgxl4nffxsrbcb|https://id.kb.se/term/saogf/Storbandsjazz|https://id.kb.se/term/saogf/Popul%C3%A4rmusik|Populärmusik
hwvgxl4nffxsrbcb|https://id.kb.se/term/saogf/Soul%20%28musik%29|https://id.kb.se/term/saogf/Popul%C3%A4rmusik|Populärmusik
9pnjc1s57b037vvw|https://id.kb.se/term/saogf/Storbandsjazz|https://id.kb.se/term/saogf/Popul%C3%A4rmusik|Populärmusik
9pnjc1s57b037vvw|https://id.kb.se/term/saogf/Funk%20%28musik%29|https://id.kb.se/term/saogf/Popul%C3%A4rmusik|Populärmusik
jxj64gmbgg8vglpd|https://id.kb.se/term/saogf/Storbandsjazz|https://id.kb.se/term/saogf/Popul%C3%A4rmusik|Populärmusik
t5j1g75trzq731v1|https://id.kb.se/term/saogf/Jazz|https://id.kb.se/term/saogf/Popul%C3%A4rmusik|Populärmusik
xdz2v7slvg34013j|https://id.kb.se/term/saogf/Countrymusik|https://id.kb.se/term/saogf/Popul%C3%A4rmusik|Populärmusik
bn1s9rxm8vx0kpk8|https://id.kb.se/term/saogf/Schlager|https://id.kb.se/term/saogf/Popul%C3%A4rmusik|Populärmusik
8pqjpxx96gt6llmb|https://id.kb.se/term/saogf/Storbandsjazz|https://id.kb.se/term/saogf/Popul%C3%A4rmusik|Populärmusik
7mst2khz5d84zhlt|https://id.kb.se/term/saogf/Mambo|https://id.kb.se/term/saogf/Popul%C3%A4rmusik|Populärmusik
7mst2khz5d84zhlt|https://id.kb.se/term/saogf/Storbandsjazz|https://id.kb.se/term/saogf/Popul%C3%A4rmusik|Populärmusik
2gh5krqp0z3kk4tm|https://id.kb.se/term/saogf/Rhythm%20%26%20blues|https://id.kb.se/term/saogf/Popul%C3%A4rmusik|Populärmusik
s76j0vjpq2rb02vl|https://id.kb.se/term/saogf/Rock|https://id.kb.se/term/saogf/Popul%C3%A4rmusik|Populärmusik
l2rl9wgdj27dtcms|https://id.kb.se/term/saogf/Soul%20%28musik%29|https://id.kb.se/term/saogf/Popul%C3%A4rmusik|Populärmusik
s76j0vjpq2rb02vl|https://id.kb.se/term/saogf/Storbandsjazz|https://id.kb.se/term/saogf/Popul%C3%A4rmusik|Populärmusik
8pqjpxx96gt6llmb|https://id.kb.se/term/saogf/Schlager|https://id.kb.se/term/saogf/Popul%C3%A4rmusik|Populärmusik
m3r51089k4d32ljr|https://id.kb.se/term/saogf/Pop|https://id.kb.se/term/saogf/Popul%C3%A4rmusik|Populärmusik
2gh5krqp0z3kk4tm|https://id.kb.se/term/saogf/Storbandsjazz|https://id.kb.se/term/saogf/Popul%C3%A4rmusik|Populärmusik
r7tjmtbdppkvnx5w|https://id.kb.se/term/saogf/Pop|https://id.kb.se/term/saogf/Popul%C3%A4rmusik|Populärmusik
2gh5krqp0z3kk4tm|https://id.kb.se/term/saogf/Soul%20%28musik%29|https://id.kb.se/term/saogf/Popul%C3%A4rmusik|Populärmusik
zf7jd2vmwc1bbz1b|https://id.kb.se/term/saogf/Countrymusik|https://id.kb.se/term/saogf/Popul%C3%A4rmusik|Populärmusik
zdcprkg4wd74dxfr|https://id.kb.se/term/saogf/Storbandsjazz|https://id.kb.se/term/saogf/Popul%C3%A4rmusik|Populärmusik
n3qbd2sqlk68c6m0|https://id.kb.se/term/saogf/Rock|https://id.kb.se/term/saogf/Popul%C3%A4rmusik|Populärmusik
gv5cf734dwvr7ssc|https://id.kb.se/term/saogf/Storbandsjazz|https://id.kb.se/term/saogf/Popul%C3%A4rmusik|Populärmusik
zdcprkg4wd74dxfr|https://id.kb.se/term/saogf/Blues|https://id.kb.se/term/saogf/Popul%C3%A4rmusik|Populärmusik
m08d8tgvk4fwk8j1|https://id.kb.se/term/saogf/Storbandsjazz|https://id.kb.se/term/saogf/Popul%C3%A4rmusik|Populärmusik
l5rk1qxdjw387tdj|https://id.kb.se/term/saogf/Storbandsjazz|https://id.kb.se/term/saogf/Popul%C3%A4rmusik|Populärmusik
n3qbd2sqlk68c6m0|https://id.kb.se/term/saogf/Storbandsjazz|https://id.kb.se/term/saogf/Popul%C3%A4rmusik|Populärmusik
4j9n6w0k26llj66n|https://id.kb.se/term/saogf/Storbandsjazz|https://id.kb.se/term/saogf/Popul%C3%A4rmusik|Populärmusik
p448rfgbmkwwwx0b|https://id.kb.se/term/saogf/Rock|https://id.kb.se/term/saogf/Popul%C3%A4rmusik|Populärmusik
2hhj6n5p08xmbmqb|https://id.kb.se/term/saogf/Storbandsjazz|https://id.kb.se/term/saogf/Popul%C3%A4rmusik|Populärmusik
p448rfgbmkwwwx0b|https://id.kb.se/term/saogf/Storbandsjazz|https://id.kb.se/term/saogf/Popul%C3%A4rmusik|Populärmusik
fsndtbl8c8v1tmwq|https://id.kb.se/term/saogf/Storbandsjazz|https://id.kb.se/term/saogf/Popul%C3%A4rmusik|Populärmusik
2hhj6n5p08xmbmqb|https://id.kb.se/term/saogf/Rock|https://id.kb.se/term/saogf/Popul%C3%A4rmusik|Populärmusik
l02c1gf7jb4z8wgt|https://id.kb.se/term/saogf/Rock|https://id.kb.se/term/saogf/Popul%C3%A4rmusik|Populärmusik
l02c1gf7jb4z8wgt|https://id.kb.se/term/saogf/Storbandsjazz|https://id.kb.se/term/saogf/Popul%C3%A4rmusik|Populärmusik
9qqvsw617v9c5s1j|https://id.kb.se/term/saogf/Schlager|https://id.kb.se/term/saogf/Popul%C3%A4rmusik|Populärmusik
jz0scvvqgsrbv1cn|https://id.kb.se/term/saogf/Storbandsjazz|https://id.kb.se/term/saogf/Popul%C3%A4rmusik|Populärmusik
jz0scvvqgsrbv1cn|https://id.kb.se/term/saogf/Rock|https://id.kb.se/term/saogf/Popul%C3%A4rmusik|Populärmusik
9qqvsw617v9c5s1j|https://id.kb.se/term/saogf/Storbandsjazz|https://id.kb.se/term/saogf/Popul%C3%A4rmusik|Populärmusik
3ggg1pzh12l16bjk|https://id.kb.se/term/saogf/Storbandsjazz|https://id.kb.se/term/saogf/Popul%C3%A4rmusik|Populärmusik
brq2ws3m8gw111dz|https://id.kb.se/term/saogf/Storbandsjazz|https://id.kb.se/term/saogf/Popul%C3%A4rmusik|Populärmusik
r72xd5drpc8hd2gg|https://id.kb.se/term/saogf/Soul%20%28musik%29|https://id.kb.se/term/saogf/Popul%C3%A4rmusik|Populärmusik
k01vl3x8hqc4t9qs|https://id.kb.se/term/saogf/Storbandsjazz|https://id.kb.se/term/saogf/Popul%C3%A4rmusik|Populärmusik
m1cb82rdk3qqd851|https://id.kb.se/term/saogf/Rock|https://id.kb.se/term/saogf/Popul%C3%A4rmusik|Populärmusik
m1cb82rdk3qqd851|https://id.kb.se/term/saogf/Storbandsjazz|https://id.kb.se/term/saogf/Popul%C3%A4rmusik|Populärmusik
1gglqb72zkr307km|https://id.kb.se/term/saogf/Bebop|https://id.kb.se/term/saogf/Popul%C3%A4rmusik|Populärmusik
1gglqb72zkr307km|https://id.kb.se/term/saogf/Storbandsjazz|https://id.kb.se/term/saogf/Popul%C3%A4rmusik|Populärmusik
zd2l4ncmwt5kb7sw|https://id.kb.se/term/saogf/Storbandsjazz|https://id.kb.se/term/saogf/Popul%C3%A4rmusik|Populärmusik
zd2l4ncmwt5kb7sw|https://id.kb.se/term/saogf/Rock|https://id.kb.se/term/saogf/Popul%C3%A4rmusik|Populärmusik
8qxlbmv56m11cvsk|https://id.kb.se/term/saogf/Schlager|https://id.kb.se/term/saogf/Popul%C3%A4rmusik|Populärmusik
bsst72tb8939lv3t|https://id.kb.se/term/saogf/Tango|https://id.kb.se/term/saogf/Popul%C3%A4rmusik|Populärmusik
lzx7h43sjx679bff|https://id.kb.se/term/saogf/Soul%20%28musik%29|https://id.kb.se/term/saogf/Popul%C3%A4rmusik|Populärmusik
lzx7h43sjx679bff|https://id.kb.se/term/saogf/Storbandsjazz|https://id.kb.se/term/saogf/Popul%C3%A4rmusik|Populärmusik
h1sq92cmfcwr3btg|https://id.kb.se/term/saogf/Schlager|https://id.kb.se/term/saogf/Popul%C3%A4rmusik|Populärmusik
hznr1bjsfnkfk09w|https://id.kb.se/term/saogf/Pop|https://id.kb.se/term/saogf/Popul%C3%A4rmusik|Populärmusik
r4f8qtjjpzwl2m3n|https://id.kb.se/term/saogf/Storbandsjazz|https://id.kb.se/term/saogf/Popul%C3%A4rmusik|Populärmusik
lzx7h43sjx679bff|https://id.kb.se/term/saogf/Rhythm%20%26%20blues|https://id.kb.se/term/saogf/Popul%C3%A4rmusik|Populärmusik
v9dwmwhqs4zpsdl8|https://id.kb.se/term/saogf/Storbandsjazz|https://id.kb.se/term/saogf/Popul%C3%A4rmusik|Populärmusik
l14jrfhjj19sszxm|https://id.kb.se/term/saogf/Schlager|https://id.kb.se/term/saogf/Popul%C3%A4rmusik|Populärmusik
w84s8rkrtkt0npx2|https://id.kb.se/term/saogf/Storbandsjazz|https://id.kb.se/term/saogf/Popul%C3%A4rmusik|Populärmusik
0fhc1851xtfs7fm6|https://id.kb.se/term/saogf/Storbandsjazz|https://id.kb.se/term/saogf/Popul%C3%A4rmusik|Populärmusik
l14jrfhjj19sszxm|https://id.kb.se/term/saogf/Storbandsjazz|https://id.kb.se/term/saogf/Popul%C3%A4rmusik|Populärmusik
q5b84gbbn9fvh50m|https://id.kb.se/term/saogf/Pop|https://id.kb.se/term/saogf/Popul%C3%A4rmusik|Populärmusik
r66rppvdprkxgn83|https://id.kb.se/term/saogf/Storbandsjazz|https://id.kb.se/term/saogf/Popul%C3%A4rmusik|Populärmusik
v9dwmwhqs4zpsdl8|https://id.kb.se/term/saogf/Soul%20%28musik%29|https://id.kb.se/term/saogf/Popul%C3%A4rmusik|Populärmusik
2fdgm7zn0l7l41sl|https://id.kb.se/term/saogf/Storbandsjazz|https://id.kb.se/term/saogf/Popul%C3%A4rmusik|Populärmusik
8ns5q2c26fbw2n1m|https://id.kb.se/term/saogf/Storbandsjazz|https://id.kb.se/term/saogf/Popul%C3%A4rmusik|Populärmusik
t7kkw69krq17kmrg|https://id.kb.se/term/saogf/Storbandsjazz|https://id.kb.se/term/saogf/Popul%C3%A4rmusik|Populärmusik
w84s8rkrtkt0npx2|https://id.kb.se/term/saogf/Afrobeat|https://id.kb.se/term/saogf/Popul%C3%A4rmusik|Populärmusik
5kqwh1xz3vkv5nmv|https://id.kb.se/term/saogf/Storbandsjazz|https://id.kb.se/term/saogf/Popul%C3%A4rmusik|Populärmusik
2fcvtfcn0j3bvkdr|https://id.kb.se/term/saogf/Mambo|https://id.kb.se/term/saogf/Popul%C3%A4rmusik|Populärmusik
hwwfvw54fzqbklwp|https://id.kb.se/term/saogf/Storbandsjazz|https://id.kb.se/term/saogf/Popul%C3%A4rmusik|Populärmusik
s79rp7kgqv86cxjl|https://id.kb.se/term/saogf/Storbandsjazz|https://id.kb.se/term/saogf/Popul%C3%A4rmusik|Populärmusik
5l8jwgwr3p0mjvft|https://id.kb.se/term/saogf/Storbandsjazz|https://id.kb.se/term/saogf/Popul%C3%A4rmusik|Populärmusik
n21v8w10lsh9t5kq|https://id.kb.se/term/saogf/Storbandsjazz|https://id.kb.se/term/saogf/Popul%C3%A4rmusik|Populärmusik
hx4mzv42f3zrcl7m|https://id.kb.se/term/saogf/Rock%27n%27roll|https://id.kb.se/term/saogf/Popul%C3%A4rmusik|Populärmusik
2fcvtfcn0j3bvkdr|https://id.kb.se/term/saogf/Storbandsjazz|https://id.kb.se/term/saogf/Popul%C3%A4rmusik|Populärmusik
r41jqzqsp6v0qf3r|https://id.kb.se/term/saogf/Storbandsjazz|https://id.kb.se/term/saogf/Popul%C3%A4rmusik|Populärmusik
hx4mzv42f3zrcl7m|https://id.kb.se/term/saogf/R%26B%20%28musik%29|https://id.kb.se/term/saogf/Popul%C3%A4rmusik|Populärmusik
n188q6mdlpv1h4x2|https://id.kb.se/term/saogf/Storbandsjazz|https://id.kb.se/term/saogf/Popul%C3%A4rmusik|Populärmusik
0cp2qd7nxz0c7nvm|https://id.kb.se/term/saogf/Soul%20%28musik%29|https://id.kb.se/term/saogf/Popul%C3%A4rmusik|Populärmusik
0cp2qd7nxz0c7nvm|https://id.kb.se/term/saogf/Storbandsjazz|https://id.kb.se/term/saogf/Popul%C3%A4rmusik|Populärmusik
3jbv60331znbcvkl|https://id.kb.se/term/saogf/Storbandsjazz|https://id.kb.se/term/saogf/Popul%C3%A4rmusik|Populärmusik
2hbjkkn10k280sfq|https://id.kb.se/term/saogf/Storbandsjazz|https://id.kb.se/term/saogf/Popul%C3%A4rmusik|Populärmusik
p36tr3cvmbx2m3wq|https://id.kb.se/term/saogf/Schlager|https://id.kb.se/term/saogf/Popul%C3%A4rmusik|Populärmusik
p36tr3cvmbx2m3wq|https://id.kb.se/term/saogf/Storbandsjazz|https://id.kb.se/term/saogf/Popul%C3%A4rmusik|Populärmusik
3jbv60331znbcvkl|https://id.kb.se/term/saogf/Pop|https://id.kb.se/term/saogf/Popul%C3%A4rmusik|Populärmusik
3hl7gczd1hkv3f1l|https://id.kb.se/term/saogf/Storbandsjazz|https://id.kb.se/term/saogf/Popul%C3%A4rmusik|Populärmusik
9pp2m6087dkdxcsm|https://id.kb.se/term/saogf/Storbandsjazz|https://id.kb.se/term/saogf/Popul%C3%A4rmusik|Populärmusik
m11hh0l6k767z9gq|https://id.kb.se/term/saogf/Storbandsjazz|https://id.kb.se/term/saogf/Popul%C3%A4rmusik|Populärmusik
hv6scd9tffzhr7kf|https://id.kb.se/term/saogf/Storbandsjazz|https://id.kb.se/term/saogf/Popul%C3%A4rmusik|Populärmusik
zcdfkwmnwm03fvlc|https://id.kb.se/term/saogf/Rock|https://id.kb.se/term/saogf/Popul%C3%A4rmusik|Populärmusik
zczdh247w59ns8t0|https://id.kb.se/term/saogf/Storbandsjazz|https://id.kb.se/term/saogf/Popul%C3%A4rmusik|Populärmusik
0dxw91frxpdhgjg4|https://id.kb.se/term/saogf/Soul%20%28musik%29|https://id.kb.se/term/saogf/Popul%C3%A4rmusik|Populärmusik
jx6rgz51grprrxj2|https://id.kb.se/term/saogf/Storbandsjazz|https://id.kb.se/term/saogf/Popul%C3%A4rmusik|Populärmusik
0dxw91frxpdhgjg4|https://id.kb.se/term/saogf/Storbandsjazz|https://id.kb.se/term/saogf/Popul%C3%A4rmusik|Populärmusik
zcdfkwmnwm03fvlc|https://id.kb.se/term/saogf/Storbandsjazz|https://id.kb.se/term/saogf/Popul%C3%A4rmusik|Populärmusik
bq0jzrrd8xnnc0rk|https://id.kb.se/term/saogf/Storbandsjazz|https://id.kb.se/term/saogf/Popul%C3%A4rmusik|Populärmusik
9p8ww8t07nxm1l71|https://id.kb.se/term/saogf/Soul%20%28musik%29|https://id.kb.se/term/saogf/Popul%C3%A4rmusik|Populärmusik
zb8ncgs8wqkfzsgs|https://id.kb.se/term/saogf/Storbandsjazz|https://id.kb.se/term/saogf/Popul%C3%A4rmusik|Populärmusik
5ktd7jqk3p0xtb5f|https://id.kb.se/term/saogf/Folkrock|https://id.kb.se/term/saogf/Popul%C3%A4rmusik|Populärmusik
5knjmwn43s3pr1m8|https://id.kb.se/term/saogf/Storbandsjazz|https://id.kb.se/term/saogf/Popul%C3%A4rmusik|Populärmusik
5ktd7jqk3p0xtb5f|https://id.kb.se/term/saogf/Storbandsjazz|https://id.kb.se/term/saogf/Popul%C3%A4rmusik|Populärmusik
zb8ncgs8wqkfzsgs|https://id.kb.se/term/saogf/Schlager|https://id.kb.se/term/saogf/Popul%C3%A4rmusik|Populärmusik
9p8ww8t07nxm1l71|https://id.kb.se/term/saogf/Storbandsjazz|https://id.kb.se/term/saogf/Popul%C3%A4rmusik|Populärmusik
x96sgzlpvkkjt2zv|https://id.kb.se/term/saogf/Storbandsjazz|https://id.kb.se/term/saogf/Popul%C3%A4rmusik|Populärmusik
5knjmwn43s3pr1m8|https://id.kb.se/term/saogf/Schlager|https://id.kb.se/term/saogf/Popul%C3%A4rmusik|Populärmusik
7lllh4hl5p6zf17j|https://id.kb.se/term/saogf/Storbandsjazz|https://id.kb.se/term/saogf/Popul%C3%A4rmusik|Populärmusik
jzkjz0fng532q6pm|https://id.kb.se/term/saogf/R%26B%20%28musik%29|https://id.kb.se/term/saogf/Popul%C3%A4rmusik|Populärmusik
jzkjz0fng532q6pm|https://id.kb.se/term/saogf/Storbandsjazz|https://id.kb.se/term/saogf/Popul%C3%A4rmusik|Populärmusik
m1dpx61bkkmzbw13|https://id.kb.se/term/saogf/Storbandsjazz|https://id.kb.se/term/saogf/Popul%C3%A4rmusik|Populärmusik
gwxv2dlfdln9hv7v|https://id.kb.se/term/saogf/Storbandsjazz|https://id.kb.se/term/saogf/Popul%C3%A4rmusik|Populärmusik
jz0xws73gfxmrqt2|https://id.kb.se/term/saogf/Storbandsjazz|https://id.kb.se/term/saogf/Popul%C3%A4rmusik|Populärmusik
9p2cj36w71w2w3g3|https://id.kb.se/term/saogf/Storbandsjazz|https://id.kb.se/term/saogf/Popul%C3%A4rmusik|Populärmusik
4k13vnv72d5w6dfk|https://id.kb.se/term/saogf/Schlager|https://id.kb.se/term/saogf/Popul%C3%A4rmusik|Populärmusik
h0d189ddfcs1sz4v|https://id.kb.se/term/saogf/Schlager|https://id.kb.se/term/saogf/Popul%C3%A4rmusik|Populärmusik
h1t3lf1t3nklbs7|https://id.kb.se/term/saogf/Rock|https://id.kb.se/term/saogf/Popul%C3%A4rmusik|Populärmusik
bw0qkjw68c3mvnwv|https://id.kb.se/term/saogf/Storbandsjazz|https://id.kb.se/term/saogf/Popul%C3%A4rmusik|Populärmusik
h1tznfbt47g2v7z|https://id.kb.se/term/saogf/Pop|https://id.kb.se/term/saogf/Popul%C3%A4rmusik|Populärmusik
h1tznfbt47g2v7z|https://id.kb.se/term/saogf/Rock|https://id.kb.se/term/saogf/Popul%C3%A4rmusik|Populärmusik
n0gd1z2dl5thq02s|https://id.kb.se/term/saogf/Pop|https://id.kb.se/term/saogf/Popul%C3%A4rmusik|Populärmusik
r3h0g2hwppgpdhsf|https://id.kb.se/term/saogf/Rock|https://id.kb.se/term/saogf/Popul%C3%A4rmusik|Populärmusik
h1tznfbt47g2v7z|https://id.kb.se/term/saogf/Schlager|https://id.kb.se/term/saogf/Popul%C3%A4rmusik|Populärmusik
w99ntl42tp888fl1|https://id.kb.se/term/saogf/Rock|https://id.kb.se/term/saogf/Popul%C3%A4rmusik|Populärmusik
w99ntl42tp888fl1|https://id.kb.se/term/saogf/Blues|https://id.kb.se/term/saogf/Popul%C3%A4rmusik|Populärmusik
w99ntl42tp888fl1|https://id.kb.se/term/saogf/Funk%20%28musik%29|https://id.kb.se/term/saogf/Popul%C3%A4rmusik|Populärmusik
bvmcb5wq8gkrbzz3|https://id.kb.se/term/saogf/Jazz|https://id.kb.se/term/saogf/Popul%C3%A4rmusik|Populärmusik
w99ntl42tp888fl1|https://id.kb.se/term/saogf/H%C3%A5rdrock|https://id.kb.se/term/saogf/Popul%C3%A4rmusik|Populärmusik
wf7lpq673w9bnxw|https://id.kb.se/term/saogf/Schlager|https://id.kb.se/term/saogf/Popul%C3%A4rmusik|Populärmusik
4pw3nhgd2hlts73m|https://id.kb.se/term/saogf/Schlager|https://id.kb.se/term/saogf/Popul%C3%A4rmusik|Populärmusik
3mfg2z8f31vkcbc|https://id.kb.se/term/saogf/Rock|https://id.kb.se/term/saogf/Popul%C3%A4rmusik|Populärmusik
4px35pds2jh443b9|https://id.kb.se/term/saogf/Schlager|https://id.kb.se/term/saogf/Popul%C3%A4rmusik|Populärmusik
zg88rgj92j6lfjl|https://id.kb.se/term/saogf/Schlager|https://id.kb.se/term/saogf/Popul%C3%A4rmusik|Populärmusik
4gd25bd52s4vdr5b|https://id.kb.se/term/saogf/Storbandsjazz|https://id.kb.se/term/saogf/Popul%C3%A4rmusik|Populärmusik
mxxmclvjk01rkm2w|https://id.kb.se/term/saogf/Disco%20%28musik%29|https://id.kb.se/term/saogf/Popul%C3%A4rmusik|Populärmusik
2d2286l30qrmrbgv|https://id.kb.se/term/saogf/Storbandsjazz|https://id.kb.se/term/saogf/Popul%C3%A4rmusik|Populärmusik
s4zrbg4zqgvhvj47|https://id.kb.se/term/saogf/Storbandsjazz|https://id.kb.se/term/saogf/Popul%C3%A4rmusik|Populärmusik
z8g121lhwl0gx23f|https://id.kb.se/term/saogf/Storbandsjazz|https://id.kb.se/term/saogf/Popul%C3%A4rmusik|Populärmusik
mxxmclvjk01rkm2w|https://id.kb.se/term/saogf/Storbandsjazz|https://id.kb.se/term/saogf/Popul%C3%A4rmusik|Populärmusik
s42zdts4qlwdq4d9|https://id.kb.se/term/saogf/Storbandsjazz|https://id.kb.se/term/saogf/Popul%C3%A4rmusik|Populärmusik
bngcfs0w8810rp1c|https://id.kb.se/term/saogf/Storbandsjazz|https://id.kb.se/term/saogf/Popul%C3%A4rmusik|Populärmusik
2ct9gzq408130cxh|https://id.kb.se/term/saogf/Storbandsjazz|https://id.kb.se/term/saogf/Popul%C3%A4rmusik|Populärmusik
p07dkq3bmfqvcw2k|https://id.kb.se/term/saogf/Storbandsjazz|https://id.kb.se/term/saogf/Popul%C3%A4rmusik|Populärmusik
gr1wnhl6dn45wwzl|https://id.kb.se/term/saogf/Storbandsjazz|https://id.kb.se/term/saogf/Popul%C3%A4rmusik|Populärmusik
gsm1rkxjdz3bx5vp|https://id.kb.se/term/saogf/Storbandsjazz|https://id.kb.se/term/saogf/Popul%C3%A4rmusik|Populärmusik
gsnz8jrldgqwszv6|https://id.kb.se/term/saogf/Storbandsjazz|https://id.kb.se/term/saogf/Popul%C3%A4rmusik|Populärmusik
jssts7lngc991352|https://id.kb.se/term/saogf/Schlager|https://id.kb.se/term/saogf/Popul%C3%A4rmusik|Populärmusik
v5vgwr40stpr1d4g|https://id.kb.se/term/saogf/Storbandsjazz|https://id.kb.se/term/saogf/Popul%C3%A4rmusik|Populärmusik
n7kxw577lcdtpp6r|https://id.kb.se/term/saogf/Schlager|https://id.kb.se/term/saogf/Popul%C3%A4rmusik|Populärmusik
4mfdbhwg0jpv9q3|https://id.kb.se/term/saogf/Rock|https://id.kb.se/term/saogf/Popul%C3%A4rmusik|Populärmusik
fzr45mcr389rhcx|https://id.kb.se/term/saogf/Schlager|https://id.kb.se/term/saogf/Popul%C3%A4rmusik|Populärmusik
4mfdbhwg0jpv9q3|https://id.kb.se/term/saogf/Jazz|https://id.kb.se/term/saogf/Popul%C3%A4rmusik|Populärmusik
v8cg7fw5s9t0fzd3|https://id.kb.se/term/saogf/Rock|https://id.kb.se/term/saogf/Popul%C3%A4rmusik|Populärmusik
0lzj3vskxn72h2rx|https://id.kb.se/term/saogf/Elektronisk%20popul%C3%A4rmusik|https://id.kb.se/term/saogf/Popul%C3%A4rmusik|Populärmusik
v8cg7fw5s9t0fzd3|https://id.kb.se/term/saogf/Storbandsjazz|https://id.kb.se/term/saogf/Popul%C3%A4rmusik|Populärmusik
g0sxktfs1jpfh5j|https://id.kb.se/term/saogf/Schlager|https://id.kb.se/term/saogf/Popul%C3%A4rmusik|Populärmusik
2nbsrvjh0kdk7zj0|https://id.kb.se/term/saogf/Schlager|https://id.kb.se/term/saogf/Popul%C3%A4rmusik|Populärmusik
8slvf6rl0wbzhj9|https://id.kb.se/term/saogf/Rock|https://id.kb.se/term/saogf/Popul%C3%A4rmusik|Populärmusik
k3w8zk7w0xq76gq|https://id.kb.se/term/saogf/Schlager|https://id.kb.se/term/saogf/Popul%C3%A4rmusik|Populärmusik
0dfg9337x2bp1h2p|https://id.kb.se/term/saogf/Storbandsjazz|https://id.kb.se/term/saogf/Popul%C3%A4rmusik|Populärmusik
0dfg9337x2bp1h2p|https://id.kb.se/term/saogf/Calypso|https://id.kb.se/term/saogf/Popul%C3%A4rmusik|Populärmusik
xcf89zj2v831btsw|https://id.kb.se/term/saogf/Storbandsjazz|https://id.kb.se/term/saogf/Popul%C3%A4rmusik|Populärmusik
1f1l294rzhwkknd0|https://id.kb.se/term/saogf/Storbandsjazz|https://id.kb.se/term/saogf/Popul%C3%A4rmusik|Populärmusik
3pkmx73d14c3z1v5|https://id.kb.se/term/saogf/Jazz|https://id.kb.se/term/saogf/Popul%C3%A4rmusik|Populärmusik
2hjbp3h60wrfjjl6|https://id.kb.se/term/saogf/Storbandsjazz|https://id.kb.se/term/saogf/Popul%C3%A4rmusik|Populärmusik
m5zzs0bz196w54g|https://id.kb.se/term/saogf/Rock|https://id.kb.se/term/saogf/Popul%C3%A4rmusik|Populärmusik
w9bll6mkt91d3gct|https://id.kb.se/term/saogf/Storbandsjazz|https://id.kb.se/term/saogf/Popul%C3%A4rmusik|Populärmusik
zkhs2c89wt7wtjnm|https://id.kb.se/term/saogf/Folkvisor|https://id.kb.se/term/saogf/Visor|Visor
4dt4ws692ckqx8xj|https://id.kb.se/term/saogf/Operalibretton|https://id.kb.se/term/saogf/Libretton|Libretton
l5x0dzmrjhzttqqz|https://id.kb.se/term/saogf/Operalibretton|https://id.kb.se/term/saogf/Libretton|Libretton
bl1bxk1w8gzg4f70|https://id.kb.se/term/saogf/Operalibretton|https://id.kb.se/term/saogf/Libretton|Libretton
8ltsfc7r6g2jjqwk|https://id.kb.se/term/saogf/Stadgar|https://id.kb.se/term/saogf/Handlingar%20%28dokument%29|Handlingar (dokument)
tb4rjl450dp17gj|https://id.kb.se/term/saogf/Skols%C3%A5nger|https://id.kb.se/term/saogf/Skolmusik|Skolmusik
bsdr85bc8hjvvxhc|https://id.kb.se/term/saogf/Enaktare|https://id.kb.se/term/saogf/Dramatik|Dramatik
6ph48fnw4jtnll6z|https://id.kb.se/term/saogf/Komedier|https://id.kb.se/term/saogf/Dramatik|Dramatik
vc5wldd8sbh2wd66|https://id.kb.se/term/saogf/Komedier|https://id.kb.se/term/saogf/Dramatik|Dramatik
n4v6hvbjl188mrn2|https://id.kb.se/term/saogf/Farser|https://id.kb.se/term/saogf/Dramatik|Dramatik
hwh5h0trf5pjjm22|https://id.kb.se/term/saogf/Enaktare|https://id.kb.se/term/saogf/Dramatik|Dramatik
xgn359hqv3vdbdvs|https://id.kb.se/term/saogf/Komedier|https://id.kb.se/term/saogf/Dramatik|Dramatik
btc4gcdg89dbnnk2|https://id.kb.se/term/saogf/Komedier|https://id.kb.se/term/saogf/Dramatik|Dramatik
2jbmwp18071v6m99|https://id.kb.se/term/saogf/Komedier|https://id.kb.se/term/saogf/Dramatik|Dramatik
3n2dh86z177981k6|https://id.kb.se/term/saogf/Tragedier%20%28dramatik%29|https://id.kb.se/term/saogf/Dramatik|Dramatik
bwdk6dtq8gqc34b8|https://id.kb.se/term/saogf/Komedier|https://id.kb.se/term/saogf/Dramatik|Dramatik
p163xp71m0l29qsg|https://id.kb.se/term/saogf/Farser|https://id.kb.se/term/saogf/Dramatik|Dramatik
gzrqtxqqdr93jjdx|https://id.kb.se/term/saogf/Komedier|https://id.kb.se/term/saogf/Dramatik|Dramatik
9slklr7m78dtqzzr|https://id.kb.se/term/saogf/Komedier|https://id.kb.se/term/saogf/Dramatik|Dramatik
w9xx2bl1ttn2qzcw|https://id.kb.se/term/saogf/Enaktare|https://id.kb.se/term/saogf/Dramatik|Dramatik
6qz6zg6q42dqqt00|https://id.kb.se/term/saogf/Tragedier%20%28dramatik%29|https://id.kb.se/term/saogf/Dramatik|Dramatik
xd0fkh4kv9r8fj3v|https://id.kb.se/term/saogf/Filmmanus|https://id.kb.se/term/saogf/Dramatik|Dramatik
j353q8flgtlg8hpv|https://id.kb.se/term/saogf/Filmmanus|https://id.kb.se/term/saogf/Dramatik|Dramatik
q9914shpntcqrnrj|https://id.kb.se/term/saogf/Komedier|https://id.kb.se/term/saogf/Dramatik|Dramatik
3lk6sjks1qrn7dwr|https://id.kb.se/term/saogf/Tragikomedier|https://id.kb.se/term/saogf/Dramatik|Dramatik
1jbbs1cc4l6gjln|https://id.kb.se/term/saogf/Enaktare|https://id.kb.se/term/saogf/Dramatik|Dramatik
3ld21xvf374f42h|https://id.kb.se/term/saogf/Tragedier%20%28dramatik%29|https://id.kb.se/term/saogf/Dramatik|Dramatik
8sl258tl4jjhxw1|https://id.kb.se/term/saogf/Enaktare|https://id.kb.se/term/saogf/Dramatik|Dramatik
3mft7s7f46vncp3|https://id.kb.se/term/saogf/Radioteater|https://id.kb.se/term/saogf/Dramatik|Dramatik
l4xbq89x0x7dbvl|https://id.kb.se/term/saogf/Komedier|https://id.kb.se/term/saogf/Dramatik|Dramatik
l4xbq89x0x7dbvl|https://id.kb.se/term/saogf/Enaktare|https://id.kb.se/term/saogf/Dramatik|Dramatik
7rkzcl0k0jzvmr3|https://id.kb.se/term/saogf/Radioteater|https://id.kb.se/term/saogf/Dramatik|Dramatik
6qjxbmzj3dps0mx|https://id.kb.se/term/saogf/Farser|https://id.kb.se/term/saogf/Dramatik|Dramatik
g0szxn5s42k70jf|https://id.kb.se/term/saogf/Enaktare|https://id.kb.se/term/saogf/Dramatik|Dramatik
0jbq4chb4tl91m7|https://id.kb.se/term/saogf/Farser|https://id.kb.se/term/saogf/Dramatik|Dramatik
n60ds3c0207ll23|https://id.kb.se/term/saogf/Farser|https://id.kb.se/term/saogf/Dramatik|Dramatik
8lmhhz0v6m60hq1c|https://id.kb.se/term/saogf/Komedier|https://id.kb.se/term/saogf/Dramatik|Dramatik
2bl3bg4b090zjww9|https://id.kb.se/term/saogf/Farser|https://id.kb.se/term/saogf/Dramatik|Dramatik
x6gz6xqxvwbmddzr|https://id.kb.se/term/saogf/Komedier|https://id.kb.se/term/saogf/Dramatik|Dramatik
x6gz6xqxvwbmddzr|https://id.kb.se/term/saogf/Farser|https://id.kb.se/term/saogf/Dramatik|Dramatik
5flkl3z13rn663jj|https://id.kb.se/term/saogf/Komedier|https://id.kb.se/term/saogf/Dramatik|Dramatik
q08vcwhqn1w8h2bh|https://id.kb.se/term/saogf/Komedier|https://id.kb.se/term/saogf/Dramatik|Dramatik
q08vcwhqn1w8h2bh|https://id.kb.se/term/saogf/Farser|https://id.kb.se/term/saogf/Dramatik|Dramatik
0bbf13gxx425gck3|https://id.kb.se/term/saogf/Enaktare|https://id.kb.se/term/saogf/Dramatik|Dramatik
8jrw0zgz6f97w25h|https://id.kb.se/term/saogf/Farser|https://id.kb.se/term/saogf/Dramatik|Dramatik
9vhkq1q77ssnc1zc|https://id.kb.se/term/saogf/Radioteater|https://id.kb.se/term/saogf/Dramatik|Dramatik
19k21cn9z3d7p4jm|https://id.kb.se/term/saogf/Enaktare|https://id.kb.se/term/saogf/Dramatik|Dramatik
19lgk5b1zvjbk1wg|https://id.kb.se/term/saogf/Farser|https://id.kb.se/term/saogf/Dramatik|Dramatik
v4fnx0sws1zf3kmt|https://id.kb.se/term/saogf/Komedier|https://id.kb.se/term/saogf/Dramatik|Dramatik
t3dj4qj8rhtxt1q5|https://id.kb.se/term/saogf/Komedier|https://id.kb.se/term/saogf/Dramatik|Dramatik
19gf3mg0z9fdbss9|https://id.kb.se/term/saogf/Komedier|https://id.kb.se/term/saogf/Dramatik|Dramatik
4dkn524k2q9br3qj|https://id.kb.se/term/saogf/Komedier|https://id.kb.se/term/saogf/Dramatik|Dramatik
2bh7n4vd06s1r73v|https://id.kb.se/term/saogf/Komedier|https://id.kb.se/term/saogf/Dramatik|Dramatik
t3dj4qj8rhtxt1q5|https://id.kb.se/term/saogf/Farser|https://id.kb.se/term/saogf/Dramatik|Dramatik
lv3wgf93jt1rt6ch|https://id.kb.se/term/saogf/Komedier|https://id.kb.se/term/saogf/Dramatik|Dramatik
pz8g8fgqm5bw6091|https://id.kb.se/term/saogf/Farser|https://id.kb.se/term/saogf/Dramatik|Dramatik
pz8g8fgqm5bw6091|https://id.kb.se/term/saogf/Komedier|https://id.kb.se/term/saogf/Dramatik|Dramatik
6gnbtx7k4bz13gjm|https://id.kb.se/term/saogf/Farser|https://id.kb.se/term/saogf/Dramatik|Dramatik
nx32rhxzl5fb28jk|https://id.kb.se/term/saogf/Komedier|https://id.kb.se/term/saogf/Dramatik|Dramatik
r19wzlpgpr85bz36|https://id.kb.se/term/saogf/Enaktare|https://id.kb.se/term/saogf/Dramatik|Dramatik
lv3wgf93jt1rt6ch|https://id.kb.se/term/saogf/Farser|https://id.kb.se/term/saogf/Dramatik|Dramatik
lv2tctdqjv1g9lp7|https://id.kb.se/term/saogf/Komedier|https://id.kb.se/term/saogf/Dramatik|Dramatik
dnw2dfw0bwj02grj|https://id.kb.se/term/saogf/Farser|https://id.kb.se/term/saogf/Dramatik|Dramatik
hr26hvwqfp6k55b0|https://id.kb.se/term/saogf/Farser|https://id.kb.se/term/saogf/Dramatik|Dramatik
kt2v76w1h4g44lt9|https://id.kb.se/term/saogf/Komedier|https://id.kb.se/term/saogf/Dramatik|Dramatik
7hs18l135z08851p|https://id.kb.se/term/saogf/Farser|https://id.kb.se/term/saogf/Dramatik|Dramatik
hr26hvwqfp6k55b0|https://id.kb.se/term/saogf/Komedier|https://id.kb.se/term/saogf/Dramatik|Dramatik
kt2v76w1h4g44lt9|https://id.kb.se/term/saogf/Farser|https://id.kb.se/term/saogf/Dramatik|Dramatik
dnw2qbb6bvnqkgph|https://id.kb.se/term/saogf/Komedier|https://id.kb.se/term/saogf/Dramatik|Dramatik
z7dlt85cwh90rdgl|https://id.kb.se/term/saogf/Farser|https://id.kb.se/term/saogf/Dramatik|Dramatik
dntsntcqbcx6vwz8|https://id.kb.se/term/saogf/Komedier|https://id.kb.se/term/saogf/Dramatik|Dramatik
r15bk800p82qxk06|https://id.kb.se/term/saogf/Komedier|https://id.kb.se/term/saogf/Dramatik|Dramatik
q09f0t84nwq4dttd|https://id.kb.se/term/saogf/Farser|https://id.kb.se/term/saogf/Dramatik|Dramatik
3cjh8mwm17gfvf8s|https://id.kb.se/term/saogf/Komedier|https://id.kb.se/term/saogf/Dramatik|Dramatik
19gfjtnfznlrttbr|https://id.kb.se/term/saogf/Farser|https://id.kb.se/term/saogf/Dramatik|Dramatik
q09f0t84nwq4dttd|https://id.kb.se/term/saogf/Komedier|https://id.kb.se/term/saogf/Dramatik|Dramatik
r162x2mzprknnrvm|https://id.kb.se/term/saogf/Farser|https://id.kb.se/term/saogf/Dramatik|Dramatik
ktz88rr8hks1nkh8|https://id.kb.se/term/saogf/Komedier|https://id.kb.se/term/saogf/Dramatik|Dramatik
r162x2mzprknnrvm|https://id.kb.se/term/saogf/Komedier|https://id.kb.se/term/saogf/Dramatik|Dramatik
19gfjtnfznlrttbr|https://id.kb.se/term/saogf/Komedier|https://id.kb.se/term/saogf/Dramatik|Dramatik
mw98g6l9kwrd9tm1|https://id.kb.se/term/saogf/Komedier|https://id.kb.se/term/saogf/Dramatik|Dramatik
6qjxbmpj2pfx0zn|https://id.kb.se/term/saogf/Radioteater|https://id.kb.se/term/saogf/Dramatik|Dramatik
08f52p0hxk23788r|https://id.kb.se/term/saogf/Enaktare|https://id.kb.se/term/saogf/Dramatik|Dramatik
dntp4pt2bqqmpmzg|https://id.kb.se/term/saogf/Komedier|https://id.kb.se/term/saogf/Dramatik|Dramatik
2bqpvhfp0gq0csxb|https://id.kb.se/term/saogf/Enaktare|https://id.kb.se/term/saogf/Dramatik|Dramatik
08fdqb5nx5247640|https://id.kb.se/term/saogf/Farser|https://id.kb.se/term/saogf/Dramatik|Dramatik
2bkd5b89023w59p6|https://id.kb.se/term/saogf/Farser|https://id.kb.se/term/saogf/Dramatik|Dramatik
08fmj0ntx2fbvnls|https://id.kb.se/term/saogf/Farser|https://id.kb.se/term/saogf/Dramatik|Dramatik
7hsnc0jg59vrx882|https://id.kb.se/term/saogf/Komedier|https://id.kb.se/term/saogf/Dramatik|Dramatik
z7fbb6mtwmbmwz4c|https://id.kb.se/term/saogf/Farser|https://id.kb.se/term/saogf/Dramatik|Dramatik
8jpf1rvj62sx67zb|https://id.kb.se/term/saogf/Komedier|https://id.kb.se/term/saogf/Dramatik|Dramatik
7hsnc0jg59vrx882|https://id.kb.se/term/saogf/Farser|https://id.kb.se/term/saogf/Dramatik|Dramatik
8jpf1rvj62sx67zb|https://id.kb.se/term/saogf/Farser|https://id.kb.se/term/saogf/Dramatik|Dramatik
dntkx20sb74vhp38|https://id.kb.se/term/saogf/Komedier|https://id.kb.se/term/saogf/Dramatik|Dramatik
08fdjw55xsdl9kd2|https://id.kb.se/term/saogf/Enaktare|https://id.kb.se/term/saogf/Dramatik|Dramatik
6gmh5snj43jrblfh|https://id.kb.se/term/saogf/Farser|https://id.kb.se/term/saogf/Dramatik|Dramatik
z7fbb6mtwmbmwz4c|https://id.kb.se/term/saogf/Komedier|https://id.kb.se/term/saogf/Dramatik|Dramatik
x87h8gw3v3lwgdmw|https://id.kb.se/term/saogf/Farser|https://id.kb.se/term/saogf/Dramatik|Dramatik
9tm1fzlm58tl50s|https://id.kb.se/term/saogf/Komedier|https://id.kb.se/term/saogf/Dramatik|Dramatik
6gqtgggq4z9hg8mg|https://id.kb.se/term/saogf/Farser|https://id.kb.se/term/saogf/Dramatik|Dramatik
6gqtgggq4z9hg8mg|https://id.kb.se/term/saogf/Komedier|https://id.kb.se/term/saogf/Dramatik|Dramatik
08kkgwxmxkzjpfdc|https://id.kb.se/term/saogf/Komedier|https://id.kb.se/term/saogf/Dramatik|Dramatik
w5c892gzt0zgg1h2|https://id.kb.se/term/saogf/Farser|https://id.kb.se/term/saogf/Dramatik|Dramatik
w5b60d9mt88mkm52|https://id.kb.se/term/saogf/Komedier|https://id.kb.se/term/saogf/Dramatik|Dramatik
7hnd5ppk52j00b1k|https://id.kb.se/term/saogf/Komedier|https://id.kb.se/term/saogf/Dramatik|Dramatik
4dlhc2ht22f44t43|https://id.kb.se/term/saogf/Komedier|https://id.kb.se/term/saogf/Dramatik|Dramatik
t384j530rqbnxwct|https://id.kb.se/term/saogf/Komedier|https://id.kb.se/term/saogf/Dramatik|Dramatik
q2x7f7fvn9xbj732|https://id.kb.se/term/saogf/Farser|https://id.kb.se/term/saogf/Dramatik|Dramatik
w5ggc2hht4xf5npw|https://id.kb.se/term/saogf/Komedier|https://id.kb.se/term/saogf/Dramatik|Dramatik
19hdb2qwz2g03tkv|https://id.kb.se/term/saogf/Enaktare|https://id.kb.se/term/saogf/Dramatik|Dramatik
08hzz39bxngrq8kj|https://id.kb.se/term/saogf/Farser|https://id.kb.se/term/saogf/Dramatik|Dramatik
w5c892gzt0zgg1h2|https://id.kb.se/term/saogf/Komedier|https://id.kb.se/term/saogf/Dramatik|Dramatik
dwpcb7xq5jh9nmz|https://id.kb.se/term/saogf/Tragedier%20%28dramatik%29|https://id.kb.se/term/saogf/Dramatik|Dramatik
j1thgc8v173mdzp|https://id.kb.se/term/saogf/Tragedier%20%28dramatik%29|https://id.kb.se/term/saogf/Dramatik|Dramatik
3ld21xtf4g2n30r|https://id.kb.se/term/saogf/Tragedier%20%28dramatik%29|https://id.kb.se/term/saogf/Dramatik|Dramatik
1jb0zvsc284zgw5|https://id.kb.se/term/saogf/Folklustspel|https://id.kb.se/term/saogf/Dramatik|Dramatik
4mf32zng4l8x0j4|https://id.kb.se/term/saogf/Tragedier%20%28dramatik%29|https://id.kb.se/term/saogf/Dramatik|Dramatik
n5zmlgq01t0s3cs|https://id.kb.se/term/saogf/Tragedier%20%28dramatik%29|https://id.kb.se/term/saogf/Dramatik|Dramatik
1jb0zvgc2f3jh1s|https://id.kb.se/term/saogf/Tragedier%20%28dramatik%29|https://id.kb.se/term/saogf/Dramatik|Dramatik
6ph540gj34vqjfn|https://id.kb.se/term/saogf/Tragedier%20%28dramatik%29|https://id.kb.se/term/saogf/Dramatik|Dramatik
fxqdc7pr4t43vxg|https://id.kb.se/term/saogf/Tragedier%20%28dramatik%29|https://id.kb.se/term/saogf/Dramatik|Dramatik
bw6jxgmx8svr5kls|https://id.kb.se/term/saogf/Radioteater|https://id.kb.se/term/saogf/Dramatik|Dramatik
5ng43z5h2kq3q4g|https://id.kb.se/term/saogf/Tragedier%20%28dramatik%29|https://id.kb.se/term/saogf/Dramatik|Dramatik
9sl873km0kslxxm|https://id.kb.se/term/saogf/Tragedier%20%28dramatik%29|https://id.kb.se/term/saogf/Dramatik|Dramatik
9sl873hm41mqfk0|https://id.kb.se/term/saogf/Tragedier%20%28dramatik%29|https://id.kb.se/term/saogf/Dramatik|Dramatik
r82qplm31k77z6w|https://id.kb.se/term/saogf/Komedier|https://id.kb.se/term/saogf/Dramatik|Dramatik
bt7qg1hw8n910n3n|https://id.kb.se/term/saogf/Farser|https://id.kb.se/term/saogf/Dramatik|Dramatik
q6scg6gwn0rb1n9n|https://id.kb.se/term/saogf/Enaktare|https://id.kb.se/term/saogf/Dramatik|Dramatik
9r51kcqm7dr7gjhp|https://id.kb.se/term/saogf/Tragedier%20%28dramatik%29|https://id.kb.se/term/saogf/Dramatik|Dramatik
n604v3r02hr6dhs|https://id.kb.se/term/saogf/Tragedier%20%28dramatik%29|https://id.kb.se/term/saogf/Dramatik|Dramatik
r82257f32ggbjxr|https://id.kb.se/term/saogf/Tragedier%20%28dramatik%29|https://id.kb.se/term/saogf/Dramatik|Dramatik
wd66bml749jcxbv|https://id.kb.se/term/saogf/Komedier|https://id.kb.se/term/saogf/Dramatik|Dramatik
m4xmz6fz5jf1r58|https://id.kb.se/term/saogf/Komedier|https://id.kb.se/term/saogf/Dramatik|Dramatik
p60019c10gtjn9q|https://id.kb.se/term/saogf/Komedier|https://id.kb.se/term/saogf/Dramatik|Dramatik
zg8xt4m9228q3h8|https://id.kb.se/term/saogf/Tragedier%20%28dramatik%29|https://id.kb.se/term/saogf/Dramatik|Dramatik
l3wj508x3jc7vk9|https://id.kb.se/term/saogf/Komedier|https://id.kb.se/term/saogf/Dramatik|Dramatik
0h99v5cb0hjc97h|https://id.kb.se/term/saogf/Tragedier%20%28dramatik%29|https://id.kb.se/term/saogf/Dramatik|Dramatik
dwpd10dq5f3sn4p|https://id.kb.se/term/saogf/Komedier|https://id.kb.se/term/saogf/Dramatik|Dramatik
dwppt4tq58b9cl5|https://id.kb.se/term/saogf/Komedier|https://id.kb.se/term/saogf/Dramatik|Dramatik
l3wwx01x21kns3h|https://id.kb.se/term/saogf/Folklustspel|https://id.kb.se/term/saogf/Dramatik|Dramatik
s93qqtr45pbk4cb|https://id.kb.se/term/saogf/Komedier|https://id.kb.se/term/saogf/Dramatik|Dramatik
9sll0kxm14xn9h0|https://id.kb.se/term/saogf/Tragedier%20%28dramatik%29|https://id.kb.se/term/saogf/Dramatik|Dramatik
btm8b60n4m4gtjh|https://id.kb.se/term/saogf/Komedier|https://id.kb.se/term/saogf/Dramatik|Dramatik
wd6tg9l70flb4gm|https://id.kb.se/term/saogf/Folklustspel|https://id.kb.se/term/saogf/Dramatik|Dramatik
p60mmqn1342j1gc|https://id.kb.se/term/saogf/Komedier|https://id.kb.se/term/saogf/Dramatik|Dramatik
gzrfj7ls04db1rm|https://id.kb.se/term/saogf/Tragedier%20%28dramatik%29|https://id.kb.se/term/saogf/Dramatik|Dramatik
8rk666ml1jw2395|https://id.kb.se/term/saogf/Komedier|https://id.kb.se/term/saogf/Dramatik|Dramatik
6phh2dsj23j2f6f|https://id.kb.se/term/saogf/Tragedier%20%28dramatik%29|https://id.kb.se/term/saogf/Dramatik|Dramatik
8rk7627l531hbf5|https://id.kb.se/term/saogf/Komedier|https://id.kb.se/term/saogf/Dramatik|Dramatik
9ksm713f7rq1spds|https://id.kb.se/term/saogf/Komedier|https://id.kb.se/term/saogf/Dramatik|Dramatik
zg8vlmv93mffbzt|https://id.kb.se/term/saogf/Tragedier%20%28dramatik%29|https://id.kb.se/term/saogf/Dramatik|Dramatik
3ld21w9f1tt4z4j|https://id.kb.se/term/saogf/Komedier|https://id.kb.se/term/saogf/Dramatik|Dramatik
dwpcb73q336tf2h|https://id.kb.se/term/saogf/Komedier|https://id.kb.se/term/saogf/Dramatik|Dramatik
9sl874wm0m0bq0v|https://id.kb.se/term/saogf/Komedier|https://id.kb.se/term/saogf/Dramatik|Dramatik
zg8xwr8910btdx9|https://id.kb.se/term/saogf/Komedier|https://id.kb.se/term/saogf/Dramatik|Dramatik
q71pnkj24m3wh2r|https://id.kb.se/term/saogf/Komedier|https://id.kb.se/term/saogf/Dramatik|Dramatik
j1thgbmv5bd1g0w|https://id.kb.se/term/saogf/Komedier|https://id.kb.se/term/saogf/Dramatik|Dramatik
8rk64tsl39ndbsz|https://id.kb.se/term/saogf/Komedier|https://id.kb.se/term/saogf/Dramatik|Dramatik
btm985qn4vpckmh|https://id.kb.se/term/saogf/Komedier|https://id.kb.se/term/saogf/Dramatik|Dramatik
r82qplf337n3rbn|https://id.kb.se/term/saogf/Komedier|https://id.kb.se/term/saogf/Dramatik|Dramatik
wd6vtqp748c4z4d|https://id.kb.se/term/saogf/Komedier|https://id.kb.se/term/saogf/Dramatik|Dramatik
0h9zzfsb1l15cz3|https://id.kb.se/term/saogf/Komedier|https://id.kb.se/term/saogf/Dramatik|Dramatik
h0sgfb1t2jszvg8|https://id.kb.se/term/saogf/Komedier|https://id.kb.se/term/saogf/Dramatik|Dramatik
q7118zl25d4tzgw|https://id.kb.se/term/saogf/Komedier|https://id.kb.se/term/saogf/Dramatik|Dramatik
5ng430kh0sjcz7r|https://id.kb.se/term/saogf/Komedier|https://id.kb.se/term/saogf/Dramatik|Dramatik
r82qpkz31p2bp09|https://id.kb.se/term/saogf/Komedier|https://id.kb.se/term/saogf/Dramatik|Dramatik
j1thgbfv50dvr31|https://id.kb.se/term/saogf/Komedier|https://id.kb.se/term/saogf/Dramatik|Dramatik
r82qpkp359b95fz|https://id.kb.se/term/saogf/Komedier|https://id.kb.se/term/saogf/Dramatik|Dramatik
3ld21wbf45w39lb|https://id.kb.se/term/saogf/Komedier|https://id.kb.se/term/saogf/Dramatik|Dramatik
7qj651fk20ffs2k|https://id.kb.se/term/saogf/Komedier|https://id.kb.se/term/saogf/Dramatik|Dramatik
xf7wvq5807bd84k|https://id.kb.se/term/saogf/Komedier|https://id.kb.se/term/saogf/Dramatik|Dramatik
dwpcb7zq50hf4nx|https://id.kb.se/term/saogf/Komedier|https://id.kb.se/term/saogf/Dramatik|Dramatik
zg8xwr692vq869t|https://id.kb.se/term/saogf/Komedier|https://id.kb.se/term/saogf/Dramatik|Dramatik
vc5tspf65h7mnx7|https://id.kb.se/term/saogf/Komedier|https://id.kb.se/term/saogf/Dramatik|Dramatik
h0sgf9ht239hz9c|https://id.kb.se/term/saogf/Komedier|https://id.kb.se/term/saogf/Dramatik|Dramatik
btm9853n08q2dj8|https://id.kb.se/term/saogf/Komedier|https://id.kb.se/term/saogf/Dramatik|Dramatik
wd6vtqm7521zgck|https://id.kb.se/term/saogf/Komedier|https://id.kb.se/term/saogf/Dramatik|Dramatik
n5zmlgp0151jdqr|https://id.kb.se/term/saogf/Komedier|https://id.kb.se/term/saogf/Dramatik|Dramatik
dwpcb69q53mjr94|https://id.kb.se/term/saogf/Komedier|https://id.kb.se/term/saogf/Dramatik|Dramatik
gzrfd8bs0mtnvfb|https://id.kb.se/term/saogf/Komedier|https://id.kb.se/term/saogf/Dramatik|Dramatik
q71pnjn23bmzqvf|https://id.kb.se/term/saogf/Komedier|https://id.kb.se/term/saogf/Dramatik|Dramatik
1jb0zt8c20zmh42|https://id.kb.se/term/saogf/Komedier|https://id.kb.se/term/saogf/Dramatik|Dramatik
5ng43zdh25q6w43|https://id.kb.se/term/saogf/Komedier|https://id.kb.se/term/saogf/Dramatik|Dramatik
k2vjhcfw32c7vxb|https://id.kb.se/term/saogf/Komedier|https://id.kb.se/term/saogf/Dramatik|Dramatik
n5zmlhd01hn08hq|https://id.kb.se/term/saogf/Komedier|https://id.kb.se/term/saogf/Dramatik|Dramatik
9sl8742m2gsrnlt|https://id.kb.se/term/saogf/Komedier|https://id.kb.se/term/saogf/Dramatik|Dramatik
0h9zxs7b12n652s|https://id.kb.se/term/saogf/Komedier|https://id.kb.se/term/saogf/Dramatik|Dramatik
6phghvhj4gmnz5p|https://id.kb.se/term/saogf/Komedier|https://id.kb.se/term/saogf/Dramatik|Dramatik
3ld21xpf5rjbm00|https://id.kb.se/term/saogf/Komedier|https://id.kb.se/term/saogf/Dramatik|Dramatik
6ph541lj48r8pgr|https://id.kb.se/term/saogf/Komedier|https://id.kb.se/term/saogf/Dramatik|Dramatik
4mf32xcg0wrlj9m|https://id.kb.se/term/saogf/Komedier|https://id.kb.se/term/saogf/Dramatik|Dramatik
fxqdc86r3fb8ntn|https://id.kb.se/term/saogf/Komedier|https://id.kb.se/term/saogf/Dramatik|Dramatik
c09ghflj95dn5l2z|https://id.kb.se/term/saogf/Passionsspel|https://id.kb.se/term/saogf/Dramatik|Dramatik
c09ghflj95dn5l2z|https://id.kb.se/term/saogf/Mysteriespel|https://id.kb.se/term/saogf/Dramatik|Dramatik
4ngv8v8g3cpsjrs|https://id.kb.se/term/saogf/Radioteater|https://id.kb.se/term/saogf/Dramatik|Dramatik
n5zjs0s01gxw2k6|https://id.kb.se/term/saogf/L%C3%A4seb%C3%B6cker|https://id.kb.se/term/saogf/L%C3%A4romedel|Läromedel
jwwsm33bg34lmhqx|https://id.kb.se/term/saogf/Konkret%20poesi|https://id.kb.se/term/saogf/Poesi|Poesi
n4rxmr00l0ds5kht|https://id.kb.se/term/saogf/Lexikon|https://id.kb.se/term/saogf/Referensverk|Referensverk
7rkl67tk295v5f8|https://id.kb.se/term/saogf/Nationella%20s%C3%A5nger|https://id.kb.se/term/saogf/S%C3%A5nger|Sånger
1kcfr09c11g8kvw|https://id.kb.se/term/saogf/Andliga%20s%C3%A5nger%20och%20visor|https://id.kb.se/term/saogf/S%C3%A5nger|Sånger
q3r03szlnkxm65xh|https://id.kb.se/term/saogf/Religi%C3%B6sa%20solos%C3%A5nger%20och%20arior|https://id.kb.se/term/saogf/S%C3%A5nger|Sånger
5ngckc0h3trlzg9|https://id.kb.se/term/saogf/Skols%C3%A5nger|https://id.kb.se/term/saogf/S%C3%A5nger|Sånger
q711xqr22nh6d8q|https://id.kb.se/term/saogf/Nationella%20s%C3%A5nger|https://id.kb.se/term/saogf/S%C3%A5nger|Sånger
5ng3vk6h4905wfm|https://id.kb.se/term/saogf/Andliga%20s%C3%A5nger%20och%20visor|https://id.kb.se/term/saogf/S%C3%A5nger|Sånger
4mf2n5wg3n2ts76|https://id.kb.se/term/saogf/Dystopier|https://id.kb.se/term/saogf/Science%20fiction|Science fiction
q82gszr21dtp2sg|https://id.kb.se/term/saogf/Serieromaner|https://id.kb.se/term/saogf/Tecknade%20serier|Tecknade serier
q71xwrk25gn9pmc|https://id.kb.se/term/saogf/Mansk%C3%B6r|https://id.kb.se/term/saogf/K%C3%B6rs%C3%A5ng|Körsång
jtcccd3cgwj37gw2|https://id.kb.se/term/saogf/Damk%C3%B6r|https://id.kb.se/term/saogf/K%C3%B6rs%C3%A5ng|Körsång
g0sw53vs1pdvf05|https://id.kb.se/term/saogf/Mansk%C3%B6r|https://id.kb.se/term/saogf/K%C3%B6rs%C3%A5ng|Körsång
q71xwrk25gn9pmc|https://id.kb.se/term/saogf/Damk%C3%B6r|https://id.kb.se/term/saogf/K%C3%B6rs%C3%A5ng|Körsång
r13vb04lpv1dvgp7|https://id.kb.se/term/saogf/Mansk%C3%B6r|https://id.kb.se/term/saogf/K%C3%B6rs%C3%A5ng|Körsång
2ldnzj2d25406zv|https://id.kb.se/term/saogf/Damk%C3%B6r|https://id.kb.se/term/saogf/K%C3%B6rs%C3%A5ng|Körsång
6qjmb83j21nx3s7|https://id.kb.se/term/saogf/Psaltarpsalmer%20%28musik%29|https://id.kb.se/term/saogf/Psalmer%20%28musik%29|Psalmer (musik)
k43c924shw89k134|https://id.kb.se/term/saogf/Psaltarpsalmer%20%28musik%29|https://id.kb.se/term/saogf/Psalmer%20%28musik%29|Psalmer (musik)
8twzf34z69hvfp6j|https://id.kb.se/term/saogf/Psaltarpsalmer%20%28musik%29|https://id.kb.se/term/saogf/Psalmer%20%28musik%29|Psalmer (musik)
zh9lv8492rngkhq|https://id.kb.se/term/saogf/S%C3%A5nger|https://id.kb.se/term/saogf/Vokalmusik|Vokalmusik
cr36lws093v7rr09|https://id.kb.se/term/saogf/Religi%C3%B6sa%20solos%C3%A5nger%20och%20arior|https://id.kb.se/term/saogf/Vokalmusik|Vokalmusik
zfw7v37nw7xqlj89|https://id.kb.se/term/saogf/L%C3%A4romedel|https://id.kb.se/term/saogf/Instruktions-%20och%20undervisningsmaterial|Instruktions- och undervisningsmaterial
n5zm12b0331zz9k|https://id.kb.se/term/saogf/Biobibliografier|https://id.kb.se/term/saogf/Bibliografier|Bibliografier
4mf2n5wg3n2ts76|https://id.kb.se/term/saogf/Dystopier|https://id.kb.se/term/saogf/Framtidsskildringar|Framtidsskildringar
ct7zrcpd9qr10rzc|https://id.kb.se/term/saogf/Schlager|https://id.kb.se/term/saogf/Underh%C3%A5llningsmusik|Underhållningsmusik
vcdsss0csq0mbf2z|https://id.kb.se/term/saogf/Schlager|https://id.kb.se/term/saogf/Underh%C3%A5llningsmusik|Underhållningsmusik
j0b0kspwgz4kj994|https://id.kb.se/term/saogf/Schlager|https://id.kb.se/term/saogf/Underh%C3%A5llningsmusik|Underhållningsmusik
l6kcmvr5j0g1t6zr|https://id.kb.se/term/saogf/Schlager|https://id.kb.se/term/saogf/Underh%C3%A5llningsmusik|Underhållningsmusik
9sr577lj7t1jz1qf|https://id.kb.se/term/saogf/Schlager|https://id.kb.se/term/saogf/Underh%C3%A5llningsmusik|Underhållningsmusik
q6ck73xvnhk2n62h|https://id.kb.se/term/saogf/Schlager|https://id.kb.se/term/saogf/Underh%C3%A5llningsmusik|Underhållningsmusik
fxxh9wq0c6nckcw7|https://id.kb.se/term/saogf/Schlager|https://id.kb.se/term/saogf/Underh%C3%A5llningsmusik|Underhållningsmusik
7p364ssw5cgm0rgd|https://id.kb.se/term/saogf/Schlager|https://id.kb.se/term/saogf/Underh%C3%A5llningsmusik|Underhållningsmusik
n6gldddrlbtb454m|https://id.kb.se/term/saogf/Schlager|https://id.kb.se/term/saogf/Underh%C3%A5llningsmusik|Underhållningsmusik
1hpxvr97z1x3gvnx|https://id.kb.se/term/saogf/Schlager|https://id.kb.se/term/saogf/Underh%C3%A5llningsmusik|Underhållningsmusik
s990dq4mq7kkjvs4|https://id.kb.se/term/saogf/Schlager|https://id.kb.se/term/saogf/Underh%C3%A5llningsmusik|Underhållningsmusik
cv31kfw2994wv4sw|https://id.kb.se/term/saogf/Schlager|https://id.kb.se/term/saogf/Underh%C3%A5llningsmusik|Underhållningsmusik
r84tqt1lpk7ffkhj|https://id.kb.se/term/saogf/Schlager|https://id.kb.se/term/saogf/Underh%C3%A5llningsmusik|Underhållningsmusik
l3z0rxdfjpdfqp5r|https://id.kb.se/term/saogf/Schlager|https://id.kb.se/term/saogf/Underh%C3%A5llningsmusik|Underhållningsmusik
8q2gw2n162zl37t1|https://id.kb.se/term/saogf/Schlager|https://id.kb.se/term/saogf/Underh%C3%A5llningsmusik|Underhållningsmusik
n55m491hlwzkndjz|https://id.kb.se/term/saogf/Schlager|https://id.kb.se/term/saogf/Underh%C3%A5llningsmusik|Underhållningsmusik
scpjwxvqqw6wll3x|https://id.kb.se/term/saogf/Schlager|https://id.kb.se/term/saogf/Underh%C3%A5llningsmusik|Underhållningsmusik
5nlgvfn83pds5627|https://id.kb.se/term/saogf/Schlager|https://id.kb.se/term/saogf/Underh%C3%A5llningsmusik|Underhållningsmusik
k3cnp53nhv0bv07w|https://id.kb.se/term/saogf/Schlager|https://id.kb.se/term/saogf/Underh%C3%A5llningsmusik|Underhållningsmusik
j0bvb50rgzj9kf57|https://id.kb.se/term/saogf/Schlager|https://id.kb.se/term/saogf/Underh%C3%A5llningsmusik|Underhållningsmusik
1jgk7tscz0kk6fg8|https://id.kb.se/term/saogf/Schlager|https://id.kb.se/term/saogf/Underh%C3%A5llningsmusik|Underhållningsmusik
x675k4vwvctjkqkw|https://id.kb.se/term/saogf/Biografier|https://id.kb.se/term/saogf/Litter%C3%A4r%20sakprosa|Litterär sakprosa
4jnb3r502cnc4x17|https://id.kb.se/term/saogf/R%26B%20%28musik%29|https://id.kb.se/term/saogf/Soul%20%28musik%29|Soul (musik)
q4j7v8hmnmxww9fp|https://id.kb.se/term/saogf/R%26B%20%28musik%29|https://id.kb.se/term/saogf/Soul%20%28musik%29|Soul (musik)
pz8g8fgqm5bw6091|https://id.kb.se/term/saogf/Farser|https://id.kb.se/term/saogf/Komedier|Komedier
q08vcwhqn1w8h2bh|https://id.kb.se/term/saogf/Farser|https://id.kb.se/term/saogf/Komedier|Komedier
x6gz6xqxvwbmddzr|https://id.kb.se/term/saogf/Farser|https://id.kb.se/term/saogf/Komedier|Komedier
t3dj4qj8rhtxt1q5|https://id.kb.se/term/saogf/Farser|https://id.kb.se/term/saogf/Komedier|Komedier
lv3wgf93jt1rt6ch|https://id.kb.se/term/saogf/Farser|https://id.kb.se/term/saogf/Komedier|Komedier
r162x2mzprknnrvm|https://id.kb.se/term/saogf/Farser|https://id.kb.se/term/saogf/Komedier|Komedier
19gfjtnfznlrttbr|https://id.kb.se/term/saogf/Farser|https://id.kb.se/term/saogf/Komedier|Komedier
q09f0t84nwq4dttd|https://id.kb.se/term/saogf/Farser|https://id.kb.se/term/saogf/Komedier|Komedier
z7fbb6mtwmbmwz4c|https://id.kb.se/term/saogf/Farser|https://id.kb.se/term/saogf/Komedier|Komedier
6gqtgggq4z9hg8mg|https://id.kb.se/term/saogf/Farser|https://id.kb.se/term/saogf/Komedier|Komedier
w5c892gzt0zgg1h2|https://id.kb.se/term/saogf/Farser|https://id.kb.se/term/saogf/Komedier|Komedier
7hsnc0jg59vrx882|https://id.kb.se/term/saogf/Farser|https://id.kb.se/term/saogf/Komedier|Komedier
hr26hvwqfp6k55b0|https://id.kb.se/term/saogf/Farser|https://id.kb.se/term/saogf/Komedier|Komedier
8jpf1rvj62sx67zb|https://id.kb.se/term/saogf/Farser|https://id.kb.se/term/saogf/Komedier|Komedier
kt2v76w1h4g44lt9|https://id.kb.se/term/saogf/Farser|https://id.kb.se/term/saogf/Komedier|Komedier
cwpr2wxp3gnxf9x|https://id.kb.se/term/saogf/Film-%20och%20tv-bearbetningar|https://id.kb.se/term/saogf/Bearbetningar|Bearbetningar
bs471n688zwtkmvd|https://id.kb.se/term/saogf/Intervjuer|https://id.kb.se/term/saogf/Verk%20med%20samtalsliknande%20karakt%C3%A4r|Verk med samtalsliknande karaktär
p7128j210f37p2r|https://id.kb.se/term/saogf/Andliga%20s%C3%A5nger%20och%20visor|https://id.kb.se/term/saogf/Kristen%20musik|Kristen musik
